,date,value
8,2019-12-30,1514.75
9,2019-12-27,1511.5
10,2019-12-24,
11,2019-12-23,1482.1
12,2019-12-20,1479.0
13,2019-12-19,1476.7
14,2019-12-18,1474.05
15,2019-12-17,1475.8
16,2019-12-16,1477.9
17,2019-12-13,1466.6
18,2019-12-12,1467.8
19,2019-12-11,1466.8
20,2019-12-10,1464.95
21,2019-12-09,1461.7
22,2019-12-06,1459.65
23,2019-12-05,1475.95
24,2019-12-04,1475.1
25,2019-12-03,1477.3
26,2019-12-02,1461.15
27,2019-11-29,1460.15
28,2019-11-28,1454.65
29,2019-11-27,1454.35
30,2019-11-26,1454.65
31,2019-11-25,1458.4
32,2019-11-22,1464.45
33,2019-11-21,1467.05
34,2019-11-20,1471.7
35,2019-11-19,1468.45
36,2019-11-18,1467.65
37,2019-11-15,1466.9
38,2019-11-14,1466.65
39,2019-11-13,1462.9
40,2019-11-12,1452.05
41,2019-11-11,1458.7
42,2019-11-08,1464.15
43,2019-11-07,1484.25
44,2019-11-06,1486.05
45,2019-11-05,1488.95
46,2019-11-04,1509.45
47,2019-11-01,1508.8
48,2019-10-31,1510.95
49,2019-10-30,1492.1
50,2019-10-29,1486.75
51,2019-10-28,1492.4
52,2019-10-25,1513.45
53,2019-10-24,1496.55
54,2019-10-23,1494.45
55,2019-10-22,1485.35
56,2019-10-21,1491.65
57,2019-10-18,1490.0
58,2019-10-17,1492.65
59,2019-10-16,1485.1
60,2019-10-15,1487.8
61,2019-10-14,1490.6
62,2019-10-11,1479.15
63,2019-10-10,1494.8
64,2019-10-09,1507.25
65,2019-10-08,1505.85
66,2019-10-07,1501.25
67,2019-10-04,1499.15
68,2019-10-03,1517.1
69,2019-10-02,1492.6
70,2019-10-01,1473.45
71,2019-09-30,1485.3
72,2019-09-27,1489.9
73,2019-09-26,1506.4
74,2019-09-25,1528.75
75,2019-09-24,1520.65
76,2019-09-23,1522.1
77,2019-09-20,1501.9
78,2019-09-19,1500.7
79,2019-09-18,1503.5
80,2019-09-17,1502.1
81,2019-09-16,1497.2
82,2019-09-13,1503.1
83,2019-09-12,1515.2
84,2019-09-11,1490.65
85,2019-09-10,1498.25
86,2019-09-09,1509.2
87,2019-09-06,1523.7
88,2019-09-05,1529.1
89,2019-09-04,1546.1
90,2019-09-03,1537.85
91,2019-09-02,1525.95
92,2019-08-30,1528.4
93,2019-08-29,1540.2
94,2019-08-28,1537.15
95,2019-08-27,1532.95
96,2019-08-23,1503.8
97,2019-08-22,1502.05
98,2019-08-21,1503.25
99,2019-08-20,1504.55
100,2019-08-19,1496.6
101,2019-08-16,1515.25
102,2019-08-15,1515.65
103,2019-08-14,1513.25
104,2019-08-13,1498.4
105,2019-08-12,1504.7
106,2019-08-09,1497.7
107,2019-08-08,1495.75
108,2019-08-07,1506.05
109,2019-08-06,1465.25
110,2019-08-05,1465.25
111,2019-08-02,1441.75
112,2019-08-01,1406.8
113,2019-07-31,1427.55
114,2019-07-30,1425.9
115,2019-07-29,1419.05
116,2019-07-26,1420.4
117,2019-07-25,1416.1
118,2019-07-24,1426.95
119,2019-07-23,1425.55
120,2019-07-22,1427.75
121,2019-07-19,1439.7
122,2019-07-18,1417.45
123,2019-07-17,1410.35
124,2019-07-16,1409.85
125,2019-07-15,1412.4
126,2019-07-12,1407.6
127,2019-07-11,1413.75
128,2019-07-10,1408.3
129,2019-07-09,1391.55
130,2019-07-08,1400.1
131,2019-07-05,1388.65
132,2019-07-04,1414.9
133,2019-07-03,1413.5
134,2019-07-02,1391.05
135,2019-07-01,1390.1
136,2019-06-28,1409.0
137,2019-06-27,1402.5
138,2019-06-26,1403.95
139,2019-06-25,1431.4
140,2019-06-24,1405.7
141,2019-06-21,1397.15
142,2019-06-20,1379.5
143,2019-06-19,1344.05
144,2019-06-18,1341.35
145,2019-06-17,1341.3
146,2019-06-14,1351.25
147,2019-06-13,1335.9
148,2019-06-12,1332.35
149,2019-06-11,1324.3
150,2019-06-10,1328.6
151,2019-06-07,1340.65
152,2019-06-06,1335.5
153,2019-06-05,1335.05
154,2019-06-04,1324.25
155,2019-06-03,1317.1
156,2019-05-31,1295.55
157,2019-05-30,1280.95
158,2019-05-29,1281.65
159,2019-05-28,1278.3
160,2019-05-24,1282.5
161,2019-05-23,1283.65
162,2019-05-22,1273.8
163,2019-05-21,1271.15
164,2019-05-20,1276.85
165,2019-05-17,1280.8
166,2019-05-16,1291.7
167,2019-05-15,1299.1
168,2019-05-14,1298.4
169,2019-05-13,1295.6
170,2019-05-10,1287.1
171,2019-05-09,1286.1
172,2019-05-08,1285.2
173,2019-05-07,1281.2
174,2019-05-03,1278.55
175,2019-05-02,1270.95
176,2019-05-01,1283.8
177,2019-04-30,1282.3
178,2019-04-29,1279.5
179,2019-04-26,1284.2
180,2019-04-25,1280.8
181,2019-04-24,1271.65
182,2019-04-23,1269.5
183,2019-04-18,1275.7
184,2019-04-17,1275.85
185,2019-04-16,1276.35
186,2019-04-15,1285.65
187,2019-04-12,1294.3
188,2019-04-11,1298.8
189,2019-04-10,1305.45
190,2019-04-09,1303.0
191,2019-04-08,1300.0
192,2019-04-05,1288.45
193,2019-04-04,1283.15
194,2019-04-03,1290.45
195,2019-04-02,1290.3
196,2019-04-01,1293.5
197,2019-03-29,1295.4
198,2019-03-28,1295.15
199,2019-03-27,1309.7
200,2019-03-26,1316.3
201,2019-03-25,1319.55
202,2019-03-22,1311.3
203,2019-03-21,1309.6
204,2019-03-20,1303.7
205,2019-03-19,1307.7
206,2019-03-18,1305.6
207,2019-03-15,1303.5
208,2019-03-14,1295.55
209,2019-03-13,1306.95
210,2019-03-12,1297.05
211,2019-03-11,1292.75
212,2019-03-08,1296.75
213,2019-03-07,1285.3
214,2019-03-06,1285.85
215,2019-03-05,1283.8
216,2019-03-04,1285.4
217,2019-03-01,1311.95
218,2019-02-28,1319.15
219,2019-02-27,1322.85
220,2019-02-26,1325.05
221,2019-02-25,1331.05
222,2019-02-22,1329.05
223,2019-02-21,1331.25
224,2019-02-20,1343.75
225,2019-02-19,1334.15
226,2019-02-18,1325.5
227,2019-02-15,1316.55
228,2019-02-14,1311.45
229,2019-02-13,1312.8
230,2019-02-12,1310.0
231,2019-02-11,1306.4
232,2019-02-08,1314.85
233,2019-02-07,1310.0
234,2019-02-06,1312.4
235,2019-02-05,1314.2
236,2019-02-04,1312.15
237,2019-02-01,1318.7
238,2019-01-31,1323.25
239,2019-01-30,1310.7
240,2019-01-29,1307.55
241,2019-01-28,1302.15
242,2019-01-25,1293.9
243,2019-01-24,1283.7
244,2019-01-23,1279.8
245,2019-01-22,1282.1
246,2019-01-21,1279.55
247,2019-01-18,1284.2
248,2019-01-17,1290.7
249,2019-01-16,1292.3
250,2019-01-15,1294.4
251,2019-01-14,1292.75
252,2019-01-11,1288.95
253,2019-01-10,1291.9
254,2019-01-09,1288.6
255,2019-01-08,1286.45
256,2019-01-07,1292.2
257,2019-01-04,1279.9
258,2019-01-03,1290.45
259,2019-01-02,1282.9
260,2018-12-31,
261,2018-12-28,1279.0
262,2018-12-27,1268.0
263,2018-12-24,
264,2018-12-21,1258.15
265,2018-12-20,1259.75
266,2018-12-19,1255.0
267,2018-12-18,1246.3
268,2018-12-17,1241.65
269,2018-12-14,1235.35
270,2018-12-13,1242.75
271,2018-12-12,1245.75
272,2018-12-11,1245.3
273,2018-12-10,1245.35
274,2018-12-07,1243.3
275,2018-12-06,1242.55
276,2018-12-05,1235.9
277,2018-12-04,1240.3
278,2018-12-03,1230.3
279,2018-11-30,1217.55
280,2018-11-29,1226.25
281,2018-11-28,1213.25
282,2018-11-27,1221.2
283,2018-11-26,1223.4
284,2018-11-23,1223.65
285,2018-11-22,1227.05
286,2018-11-21,1226.1
287,2018-11-20,1223.0
288,2018-11-19,1221.6
289,2018-11-16,1222.4
290,2018-11-15,1211.85
291,2018-11-14,1203.25
292,2018-11-13,1202.1
293,2018-11-12,1205.55
294,2018-11-09,1211.4
295,2018-11-08,1224.15
296,2018-11-07,1229.95
297,2018-11-06,1231.6
298,2018-11-05,1232.25
299,2018-11-02,1232.1
300,2018-11-01,1231.15
301,2018-10-31,1214.95
302,2018-10-30,1225.4
303,2018-10-29,1230.8
304,2018-10-26,1233.85
305,2018-10-25,1230.8
306,2018-10-24,1230.55
307,2018-10-23,1235.95
308,2018-10-22,1222.3
309,2018-10-19,1227.85
310,2018-10-18,1223.0
311,2018-10-17,1229.05
312,2018-10-16,1230.7
313,2018-10-15,1229.95
314,2018-10-12,1219.75
315,2018-10-11,1205.55
316,2018-10-10,1188.6
317,2018-10-09,1185.55
318,2018-10-08,1186.95
319,2018-10-05,1203.8
320,2018-10-04,1203.45
321,2018-10-03,1201.2
322,2018-10-02,1204.7
323,2018-10-01,1189.35
324,2018-09-28,1187.25
325,2018-09-27,1185.4
326,2018-09-26,1194.25
327,2018-09-25,1201.9
328,2018-09-24,1202.75
329,2018-09-21,1198.7
330,2018-09-20,1208.35
331,2018-09-19,1203.3
332,2018-09-18,1200.2
333,2018-09-17,1201.9
334,2018-09-14,1201.95
335,2018-09-13,1209.8
336,2018-09-12,1195.6
337,2018-09-11,1189.85
338,2018-09-10,1196.6
339,2018-09-07,1198.9
340,2018-09-06,1205.15
341,2018-09-05,1196.7
342,2018-09-04,1190.85
343,2018-09-03,1200.05
344,2018-08-31,1202.45
345,2018-08-30,1197.3
346,2018-08-29,1204.2
347,2018-08-28,1212.25
348,2018-08-24,1197.7
349,2018-08-23,1192.35
350,2018-08-22,1196.65
351,2018-08-21,1190.95
352,2018-08-20,1184.35
353,2018-08-17,1178.4
354,2018-08-16,1180.4
355,2018-08-15,1182.0
356,2018-08-14,1197.0
357,2018-08-13,1200.35
358,2018-08-10,1214.4
359,2018-08-09,1214.35
360,2018-08-08,1209.55
361,2018-08-07,1212.35
362,2018-08-06,1209.65
363,2018-08-03,1216.3
364,2018-08-02,1215.45
365,2018-08-01,1219.0
366,2018-07-31,1220.95
367,2018-07-30,1223.8
368,2018-07-27,1223.95
369,2018-07-26,1228.25
370,2018-07-25,1231.5
371,2018-07-24,1228.35
372,2018-07-23,1224.95
373,2018-07-20,1228.75
374,2018-07-19,1217.55
375,2018-07-18,1224.5
376,2018-07-17,1232.8
377,2018-07-16,1241.1
378,2018-07-13,1241.7
379,2018-07-12,1245.9
380,2018-07-11,1251.4
381,2018-07-10,1254.0
382,2018-07-09,1262.05
383,2018-07-06,1255.35
384,2018-07-05,1255.5
385,2018-07-04,1255.65
386,2018-07-03,1251.75
387,2018-07-02,1247.8
388,2018-06-29,1250.45
389,2018-06-28,1251.55
390,2018-06-27,1254.6
391,2018-06-26,1260.3
392,2018-06-25,1268.7
393,2018-06-22,1269.15
394,2018-06-21,1266.15
395,2018-06-20,1274.2
396,2018-06-19,1276.15
397,2018-06-18,1281.55
398,2018-06-15,1285.25
399,2018-06-14,1302.75
400,2018-06-13,1296.15
401,2018-06-12,1298.65
402,2018-06-11,1299.6
403,2018-06-08,1298.25
404,2018-06-07,1297.25
405,2018-06-06,1300.1
406,2018-06-05,1292.05
407,2018-06-04,1295.45
408,2018-06-01,1294.6
409,2018-05-31,1305.35
410,2018-05-30,1300.7
411,2018-05-29,1295.5
412,2018-05-25,1303.5
413,2018-05-24,1304.85
414,2018-05-23,1289.0
415,2018-05-22,1293.05
416,2018-05-21,1288.35
417,2018-05-18,1288.3
418,2018-05-17,1289.5
419,2018-05-16,1291.25
420,2018-05-15,1295.0
421,2018-05-14,1319.85
422,2018-05-11,1324.35
423,2018-05-10,1318.8
424,2018-05-09,1313.85
425,2018-05-08,1306.6
426,2018-05-04,1309.4
427,2018-05-03,1315.05
428,2018-05-02,1304.2
429,2018-05-01,1307.1
430,2018-04-30,1313.2
431,2018-04-27,1321.5
432,2018-04-26,1320.7
433,2018-04-25,1321.65
434,2018-04-24,1328.85
435,2018-04-23,1324.3
436,2018-04-20,1336.75
437,2018-04-19,1348.6
438,2018-04-18,1351.45
439,2018-04-17,1342.1
440,2018-04-16,1349.35
441,2018-04-13,1343.7
442,2018-04-12,1341.35
443,2018-04-11,1350.75
444,2018-04-10,1338.95
445,2018-04-09,1331.95
446,2018-04-06,1331.2
447,2018-04-05,1327.7
448,2018-04-04,1337.3
449,2018-04-03,1333.45
450,2018-03-29,1323.85
451,2018-03-28,1332.45
452,2018-03-27,1341.45
453,2018-03-26,1352.4
454,2018-03-23,1346.6
455,2018-03-22,1329.15
456,2018-03-21,1321.35
457,2018-03-20,1311.0
458,2018-03-19,1312.4
459,2018-03-16,1310.1
460,2018-03-15,1318.75
461,2018-03-14,1323.55
462,2018-03-13,1322.75
463,2018-03-12,1319.15
464,2018-03-09,1320.6
465,2018-03-08,1321.0
466,2018-03-07,1329.4
467,2018-03-06,1331.4
468,2018-03-05,1320.4
469,2018-03-02,1322.3
470,2018-03-01,1307.75
471,2018-02-28,1317.85
472,2018-02-27,1325.75
473,2018-02-26,1333.5
474,2018-02-23,1327.95
475,2018-02-22,1328.35
476,2018-02-21,1330.5
477,2018-02-20,1339.85
478,2018-02-19,1346.6
479,2018-02-16,1352.1
480,2018-02-15,1352.45
481,2018-02-14,1336.25
482,2018-02-13,1325.35
483,2018-02-12,1322.3
484,2018-02-09,1314.1
485,2018-02-08,1315.45
486,2018-02-07,1324.65
487,2018-02-06,1331.4
488,2018-02-05,1333.6
489,2018-02-02,1331.15
490,2018-02-01,1341.35
491,2018-01-31,1345.05
492,2018-01-30,1344.9
493,2018-01-29,1343.85
494,2018-01-26,1353.15
495,2018-01-25,1354.95
496,2018-01-24,1353.7
497,2018-01-23,1333.4
498,2018-01-22,1332.6
499,2018-01-19,1334.95
500,2018-01-18,1332.2
501,2018-01-17,1335.65
502,2018-01-16,1333.85
503,2018-01-15,1339.25
504,2018-01-12,1326.8
505,2018-01-11,1323.05
506,2018-01-10,1319.75
507,2018-01-09,1311.0
508,2018-01-08,1319.95
509,2018-01-05,1317.15
510,2018-01-04,1314.5
511,2018-01-03,1314.9
512,2018-01-02,1312.05
513,2017-12-29,
514,2017-12-28,1291.0
515,2017-12-27,1279.4
516,2017-12-22,
517,2017-12-21,1264.55
518,2017-12-20,1264.55
519,2017-12-19,1260.35
520,2017-12-18,1260.6
521,2017-12-15,1254.6
522,2017-12-14,1251.0
523,2017-12-13,1242.65
524,2017-12-12,1240.9
525,2017-12-11,1247.15
526,2017-12-08,1250.65
527,2017-12-07,1255.0
528,2017-12-06,1263.7
529,2017-12-05,1266.3
530,2017-12-04,1273.45
531,2017-12-01,1275.5
532,2017-11-30,1280.2
533,2017-11-29,1283.85
534,2017-11-28,1291.85
535,2017-11-27,1294.9
536,2017-11-24,1290.5
537,2017-11-23,1290.35
538,2017-11-22,1286.95
539,2017-11-21,1283.3
540,2017-11-20,1286.2
541,2017-11-17,1284.35
542,2017-11-16,1280.0
543,2017-11-15,1282.2
544,2017-11-14,1274.6
545,2017-11-13,1277.95
546,2017-11-10,1284.3
547,2017-11-09,1284.8
548,2017-11-08,1284.0
549,2017-11-07,1275.6
550,2017-11-06,1270.9
551,2017-11-03,1267.2
552,2017-11-02,1279.2
553,2017-11-01,1277.05
554,2017-10-31,1270.15
555,2017-10-30,1272.0
556,2017-10-27,1266.45
557,2017-10-26,1273.75
558,2017-10-25,1275.0
559,2017-10-24,1276.45
560,2017-10-23,1274.9
561,2017-10-20,1281.2
562,2017-10-19,1286.4
563,2017-10-18,1280.2
564,2017-10-17,1284.75
565,2017-10-16,1303.3
566,2017-10-13,1299.6
567,2017-10-12,1290.25
568,2017-10-11,1289.25
569,2017-10-10,1291.4
570,2017-10-09,1278.75
571,2017-10-06,1261.8
572,2017-10-05,1274.5
573,2017-10-04,1274.25
574,2017-10-03,1271.25
575,2017-10-02,1273.7
576,2017-09-29,1283.1
577,2017-09-28,1283.35
578,2017-09-27,1282.55
579,2017-09-26,1300.05
580,2017-09-25,1293.3
581,2017-09-22,1294.8
582,2017-09-21,1292.1
583,2017-09-20,1311.3
584,2017-09-19,1309.6
585,2017-09-18,1312.1
586,2017-09-15,1322.85
587,2017-09-14,1324.55
588,2017-09-13,1327.55
589,2017-09-12,1326.5
590,2017-09-11,1334.2
591,2017-09-08,1346.25
592,2017-09-07,1343.5
593,2017-09-06,1337.85
594,2017-09-05,1335.55
595,2017-09-04,1333.1
596,2017-09-01,1320.4
597,2017-08-31,1311.75
598,2017-08-30,1308.5
599,2017-08-29,1318.65
600,2017-08-25,1285.3
601,2017-08-24,1289.0
602,2017-08-23,1286.65
603,2017-08-22,1284.2
604,2017-08-21,1292.9
605,2017-08-18,1295.8
606,2017-08-17,1285.15
607,2017-08-16,1272.75
608,2017-08-15,1270.3
609,2017-08-14,1282.3
610,2017-08-11,1286.1
611,2017-08-10,1284.4
612,2017-08-09,1271.05
613,2017-08-08,1261.8
614,2017-08-07,1258.0
615,2017-08-04,1257.7
616,2017-08-03,1268.1
617,2017-08-02,1269.6
618,2017-08-01,1270.95
619,2017-07-31,1267.55
620,2017-07-28,1264.9
621,2017-07-27,1261.1
622,2017-07-26,1248.1
623,2017-07-25,1254.4
624,2017-07-24,1255.55
625,2017-07-21,1248.55
626,2017-07-20,1238.7
627,2017-07-19,1242.15
628,2017-07-18,1240.75
629,2017-07-17,1234.1
630,2017-07-14,1230.3
631,2017-07-13,1218.9
632,2017-07-12,1218.8
633,2017-07-11,1211.05
634,2017-07-10,1211.9
635,2017-07-07,1215.65
636,2017-07-06,1224.9
637,2017-07-05,1220.3
638,2017-07-04,1223.75
639,2017-07-03,1229.25
640,2017-06-30,1242.25
641,2017-06-29,1243.5
642,2017-06-28,1248.0
643,2017-06-27,1249.55
644,2017-06-26,1245.25
645,2017-06-23,1255.7
646,2017-06-22,1250.8
647,2017-06-21,1242.5
648,2017-06-20,1242.2
649,2017-06-19,1248.15
650,2017-06-16,1255.4
651,2017-06-15,1254.55
652,2017-06-14,1275.5
653,2017-06-13,1262.0
654,2017-06-12,1266.4
655,2017-06-09,1266.55
656,2017-06-08,1273.1
657,2017-06-07,1291.0
658,2017-06-06,1293.5
659,2017-06-05,1279.95
660,2017-06-02,1274.95
661,2017-06-01,1264.85
662,2017-05-31,1266.2
663,2017-05-30,1262.7
664,2017-05-26,1265.05
665,2017-05-25,1256.95
666,2017-05-24,1252.55
667,2017-05-23,1260.2
668,2017-05-22,1258.85
669,2017-05-19,1252.0
670,2017-05-18,1255.9
671,2017-05-17,1257.4
672,2017-05-16,1234.2
673,2017-05-15,1233.3
674,2017-05-12,1231.25
675,2017-05-11,1223.15
676,2017-05-10,1222.95
677,2017-05-09,1220.4
678,2017-05-08,1229.8
679,2017-05-05,1228.05
680,2017-05-04,1228.45
681,2017-05-03,1250.3
682,2017-05-02,1255.45
683,2017-04-28,1266.45
684,2017-04-27,1262.8
685,2017-04-26,1261.85
686,2017-04-25,1267.8
687,2017-04-24,1269.4
688,2017-04-21,1281.85
689,2017-04-20,1282.1
690,2017-04-19,1279.05
691,2017-04-18,1278.95
692,2017-04-13,1284.15
693,2017-04-12,1274.3
694,2017-04-11,1252.9
695,2017-04-10,1250.05
696,2017-04-07,1266.45
697,2017-04-06,1252.5
698,2017-04-05,1245.8
699,2017-04-04,1257.65
700,2017-04-03,1247.25
701,2017-03-31,1244.85
702,2017-03-30,1248.8
703,2017-03-29,1251.1
704,2017-03-28,1257.25
705,2017-03-27,1257.55
706,2017-03-24,1247.5
707,2017-03-23,1247.5
708,2017-03-22,1249.05
709,2017-03-21,1241.6
710,2017-03-20,1232.4
711,2017-03-17,1229.6
712,2017-03-16,1229.35
713,2017-03-15,1198.8
714,2017-03-14,1204.6
715,2017-03-13,1204.2
716,2017-03-10,1202.65
717,2017-03-09,1206.55
718,2017-03-08,1209.2
719,2017-03-07,1216.65
720,2017-03-06,1230.95
721,2017-03-03,1226.5
722,2017-03-02,1238.1
723,2017-03-01,1240.4
724,2017-02-28,1255.6
725,2017-02-27,1257.2
726,2017-02-24,1253.65
727,2017-02-23,1247.9
728,2017-02-22,1236.65
729,2017-02-21,1233.2
730,2017-02-20,1237.3
731,2017-02-17,1241.95
732,2017-02-16,1240.55
733,2017-02-15,1224.4
734,2017-02-14,1230.75
735,2017-02-13,1222.25
736,2017-02-10,1228.3
737,2017-02-09,1236.8
738,2017-02-08,1242.1
739,2017-02-07,1231.0
740,2017-02-06,1226.75
741,2017-02-03,1215.2
742,2017-02-02,1221.95
743,2017-02-01,1203.65
744,2017-01-31,1212.8
745,2017-01-30,1192.8
746,2017-01-27,1184.85
747,2017-01-26,1189.7
748,2017-01-25,1195.0
749,2017-01-24,1216.8
750,2017-01-23,1212.85
751,2017-01-20,1200.55
752,2017-01-19,1196.05
753,2017-01-18,1214.75
754,2017-01-17,1216.05
755,2017-01-16,1203.0
756,2017-01-13,1190.35
757,2017-01-12,1205.05
758,2017-01-11,1178.55
759,2017-01-10,1189.5
760,2017-01-09,1178.5
761,2017-01-06,1175.85
762,2017-01-05,1176.7
763,2017-01-04,1164.25
764,2017-01-03,1151.0
765,2016-12-30,
766,2016-12-29,1145.9
767,2016-12-28,1134.6
768,2016-12-23,
769,2016-12-22,1131.35
770,2016-12-21,1133.65
771,2016-12-20,1125.7
772,2016-12-19,1136.25
773,2016-12-16,1131.6
774,2016-12-15,1126.95
775,2016-12-14,1162.25
776,2016-12-13,1158.55
777,2016-12-12,1156.1
778,2016-12-09,1163.6
779,2016-12-08,1171.05
780,2016-12-07,1177.65
781,2016-12-06,1172.5
782,2016-12-05,1162.2
783,2016-12-02,1173.5
784,2016-12-01,1161.85
785,2016-11-30,1178.1
786,2016-11-29,1186.55
787,2016-11-28,1187.0
788,2016-11-25,1187.7
789,2016-11-24,1186.1
790,2016-11-23,1185.35
791,2016-11-22,1212.25
792,2016-11-21,1214.25
793,2016-11-18,1211.0
794,2016-11-17,1226.75
795,2016-11-16,1229.2
796,2016-11-15,1226.95
797,2016-11-14,1213.6
798,2016-11-11,1236.45
799,2016-11-10,1267.5
800,2016-11-09,1281.4
801,2016-11-08,1282.35
802,2016-11-07,1283.05
803,2016-11-04,1302.8
804,2016-11-03,1301.0
805,2016-11-02,1303.75
806,2016-11-01,1288.45
807,2016-10-31,1272.0
808,2016-10-28,1273.0
809,2016-10-27,1266.25
810,2016-10-26,1270.5
811,2016-10-25,1269.4
812,2016-10-24,1265.55
813,2016-10-21,1266.05
814,2016-10-20,1271.65
815,2016-10-19,1269.05
816,2016-10-18,1258.2
817,2016-10-17,1254.8
818,2016-10-14,1251.75
819,2016-10-13,1261.05
820,2016-10-12,1256.5
821,2016-10-11,1253.45
822,2016-10-10,1259.5
823,2016-10-07,1258.75
824,2016-10-06,1254.5
825,2016-10-05,1269.4
826,2016-10-04,1283.3
827,2016-10-03,1313.3
828,2016-09-30,1322.5
829,2016-09-29,1318.1
830,2016-09-28,1322.5
831,2016-09-27,1327.0
832,2016-09-26,1340.5
833,2016-09-23,1338.65
834,2016-09-22,1339.1
835,2016-09-21,1326.1
836,2016-09-20,1313.8
837,2016-09-19,1314.85
838,2016-09-16,1308.35
839,2016-09-15,1310.8
840,2016-09-14,1321.75
841,2016-09-13,1323.65
842,2016-09-12,1324.6
843,2016-09-09,1330.85
844,2016-09-08,1343.4
845,2016-09-07,1348.35
846,2016-09-06,1337.25
847,2016-09-05,1326.35
848,2016-09-02,1324.7
849,2016-09-01,1309.5
850,2016-08-31,1309.25
851,2016-08-30,1318.15
852,2016-08-26,1318.75
853,2016-08-25,1321.3
854,2016-08-24,1327.25
855,2016-08-23,1342.0
856,2016-08-22,1335.9
857,2016-08-19,1346.4
858,2016-08-18,1350.05
859,2016-08-17,1343.35
860,2016-08-16,1344.0
861,2016-08-15,1339.4
862,2016-08-12,1352.2
863,2016-08-11,1355.0
864,2016-08-10,1347.7
865,2016-08-09,1341.0
866,2016-08-08,1336.8
867,2016-08-05,1340.4
868,2016-08-04,1362.75
869,2016-08-03,1358.9
870,2016-08-02,1363.75
871,2016-08-01,1349.65
872,2016-07-29,1342.0
873,2016-07-28,1341.75
874,2016-07-27,1329.0
875,2016-07-26,1323.0
876,2016-07-25,1313.15
877,2016-07-22,1320.75
878,2016-07-21,1321.15
879,2016-07-20,1315.9
880,2016-07-19,1330.9
881,2016-07-18,1334.7
882,2016-07-15,1327.0
883,2016-07-14,1323.6
884,2016-07-13,1342.75
885,2016-07-12,1342.4
886,2016-07-11,1357.1
887,2016-07-08,1354.25
888,2016-07-07,1356.7
889,2016-07-06,1366.25
890,2016-07-05,1350.75
891,2016-07-04,1350.75
892,2016-07-01,1340.0
893,2016-06-30,1320.75
894,2016-06-29,1321.5
895,2016-06-28,1309.7
896,2016-06-27,1324.55
897,2016-06-24,1315.5
898,2016-06-23,1262.15
899,2016-06-22,1264.85
900,2016-06-21,1272.6
901,2016-06-20,1281.8
902,2016-06-17,1290.7
903,2016-06-16,1310.75
904,2016-06-15,1283.3
905,2016-06-14,1287.15
906,2016-06-13,1280.8
907,2016-06-10,1275.5
908,2016-06-09,1263.9
909,2016-06-08,1263.0
910,2016-06-07,1241.0
911,2016-06-06,1244.0
912,2016-06-03,1240.5
913,2016-06-02,1212.4
914,2016-06-01,1214.5
915,2016-05-31,1212.1
916,2016-05-27,1216.25
917,2016-05-26,1223.85
918,2016-05-25,1220.6
919,2016-05-24,1236.85
920,2016-05-23,1245.9
921,2016-05-20,1254.2
922,2016-05-19,1246.25
923,2016-05-18,1272.9
924,2016-05-17,1277.0
925,2016-05-16,1285.75
926,2016-05-13,1265.9
927,2016-05-12,1279.25
928,2016-05-11,1276.85
929,2016-05-10,1262.8
930,2016-05-09,1265.25
931,2016-05-06,1289.0
932,2016-05-05,1280.25
933,2016-05-04,1283.0
934,2016-05-03,1294.0
935,2016-04-29,1285.65
936,2016-04-28,1256.0
937,2016-04-27,1247.4
938,2016-04-26,1241.7
939,2016-04-25,1238.9
940,2016-04-22,1243.25
941,2016-04-21,1249.25
942,2016-04-20,1252.0
943,2016-04-19,1255.4
944,2016-04-18,1234.3
945,2016-04-15,1227.1
946,2016-04-14,1233.85
947,2016-04-13,1245.75
948,2016-04-12,1254.6
949,2016-04-11,1254.75
950,2016-04-08,1239.5
951,2016-04-07,1242.1
952,2016-04-06,1221.4
953,2016-04-05,1231.25
954,2016-04-04,1219.75
955,2016-04-01,1213.6
956,2016-03-31,1237.0
957,2016-03-30,1236.25
958,2016-03-29,1226.0
959,2016-03-24,1221.0
960,2016-03-23,1217.6
961,2016-03-22,1252.5
962,2016-03-21,1244.9
963,2016-03-18,1252.1
964,2016-03-17,1266.5
965,2016-03-16,1228.5
966,2016-03-15,1232.0
967,2016-03-14,1242.75
968,2016-03-11,1264.75
969,2016-03-10,1266.5
970,2016-03-09,1246.4
971,2016-03-08,1267.0
972,2016-03-07,1267.9
973,2016-03-04,1277.5
974,2016-03-03,1250.25
975,2016-03-02,1239.2
976,2016-03-01,1236.5
977,2016-02-29,1234.9
978,2016-02-26,1226.5
979,2016-02-25,1236.0
980,2016-02-24,1250.75
981,2016-02-23,1221.35
982,2016-02-22,1211.0
983,2016-02-19,1231.15
984,2016-02-18,1210.1
985,2016-02-17,1210.0
986,2016-02-16,1209.5
987,2016-02-15,1208.2
988,2016-02-12,1239.75
989,2016-02-11,1241.0
990,2016-02-10,1190.0
991,2016-02-09,1191.0
992,2016-02-08,1193.25
993,2016-02-05,1150.35
994,2016-02-04,1156.35
995,2016-02-03,1132.0
996,2016-02-02,1128.5
997,2016-02-01,1126.5
998,2016-01-29,1111.8
999,2016-01-28,1114.0
1000,2016-01-27,1116.25
1001,2016-01-26,1113.6
1002,2016-01-25,1106.6
1003,2016-01-22,1096.25
1004,2016-01-21,1096.5
1005,2016-01-20,1101.75
1006,2016-01-19,1086.25
1007,2016-01-18,1089.2
1008,2016-01-15,1093.75
1009,2016-01-14,1088.4
1010,2016-01-13,1088.15
1011,2016-01-12,1085.4
1012,2016-01-11,1100.75
1013,2016-01-08,1101.85
1014,2016-01-07,1106.35
1015,2016-01-06,1091.4
1016,2016-01-05,1077.0
1017,2016-01-04,1082.25
1018,2015-12-31,
1019,2015-12-30,1060.0
1020,2015-12-29,1070.1
1021,2015-12-24,
1022,2015-12-23,1068.25
1023,2015-12-22,1074.9
1024,2015-12-21,1078.75
1025,2015-12-18,1062.5
1026,2015-12-17,1049.4
1027,2015-12-16,1075.25
1028,2015-12-15,1061.5
1029,2015-12-14,1068.25
1030,2015-12-11,1072.5
1031,2015-12-10,1071.0
1032,2015-12-09,1081.0
1033,2015-12-08,1072.1
1034,2015-12-07,1075.8
1035,2015-12-04,1079.25
1036,2015-12-03,1055.45
1037,2015-12-02,1055.4
1038,2015-12-01,1065.4
1039,2015-11-30,1061.9
1040,2015-11-27,1057.4
1041,2015-11-26,1071.0
1042,2015-11-25,1068.0
1043,2015-11-24,1076.4
1044,2015-11-23,1070.5
1045,2015-11-20,1081.75
1046,2015-11-19,1082.6
1047,2015-11-18,1067.75
1048,2015-11-17,1079.2
1049,2015-11-16,1084.75
1050,2015-11-13,1081.5
1051,2015-11-12,1087.4
1052,2015-11-11,1085.9
1053,2015-11-10,1087.1
1054,2015-11-09,1089.6
1055,2015-11-06,1088.9
1056,2015-11-05,1106.3
1057,2015-11-04,1114.7
1058,2015-11-03,1123.1
1059,2015-11-02,1134.0
1060,2015-10-30,1142.35
1061,2015-10-29,1148.6
1062,2015-10-28,1179.6
1063,2015-10-27,1165.7
1064,2015-10-26,1166.4
1065,2015-10-23,1161.25
1066,2015-10-22,1167.0
1067,2015-10-21,1167.1
1068,2015-10-20,1177.75
1069,2015-10-19,1175.4
1070,2015-10-16,1180.85
1071,2015-10-15,1184.25
1072,2015-10-14,1173.9
1073,2015-10-13,1165.2
1074,2015-10-12,1164.9
1075,2015-10-09,1151.55
1076,2015-10-08,1140.0
1077,2015-10-07,1144.6
1078,2015-10-06,1147.5
1079,2015-10-05,1139.75
1080,2015-10-02,1140.75
1081,2015-10-01,1119.0
1082,2015-09-30,1114.0
1083,2015-09-29,1132.1
1084,2015-09-28,1131.05
1085,2015-09-25,1146.65
1086,2015-09-24,1154.5
1087,2015-09-23,1131.35
1088,2015-09-22,1122.9
1089,2015-09-21,1133.25
1090,2015-09-18,1141.5
1091,2015-09-17,1117.5
1092,2015-09-16,1117.6
1093,2015-09-15,1105.95
1094,2015-09-14,1104.8
1095,2015-09-11,1100.25
1096,2015-09-10,1109.5
1097,2015-09-09,1109.85
1098,2015-09-08,1121.15
1099,2015-09-07,1119.5
1100,2015-09-04,1118.25
1101,2015-09-03,1128.0
1102,2015-09-02,1137.75
1103,2015-09-01,1142.3
1104,2015-08-28,1135.0
1105,2015-08-27,1119.0
1106,2015-08-26,1120.75
1107,2015-08-25,1137.5
1108,2015-08-24,1166.5
1109,2015-08-21,1156.5
1110,2015-08-20,1147.7
1111,2015-08-19,1126.15
1112,2015-08-18,1111.45
1113,2015-08-17,1118.8
1114,2015-08-14,1118.25
1115,2015-08-13,1116.75
1116,2015-08-12,1119.0
1117,2015-08-11,1108.25
1118,2015-08-10,1097.0
1119,2015-08-07,1093.5
1120,2015-08-06,1089.75
1121,2015-08-05,1085.1
1122,2015-08-04,1090.65
1123,2015-08-03,1091.9
1124,2015-07-31,1098.4
1125,2015-07-30,1087.5
1126,2015-07-29,1090.25
1127,2015-07-28,1096.2
1128,2015-07-27,1100.0
1129,2015-07-24,1080.8
1130,2015-07-23,1097.4
1131,2015-07-22,1088.6
1132,2015-07-21,1105.6
1133,2015-07-20,1104.6
1134,2015-07-17,1132.8
1135,2015-07-16,1144.4
1136,2015-07-15,1147.4
1137,2015-07-14,1157.4
1138,2015-07-13,1154.0
1139,2015-07-10,1159.3
1140,2015-07-09,1164.25
1141,2015-07-08,1158.5
1142,2015-07-07,1156.25
1143,2015-07-06,1166.0
1144,2015-07-03,1167.95
1145,2015-07-02,1165.25
1146,2015-07-01,1168.0
1147,2015-06-30,1171.0
1148,2015-06-29,1176.0
1149,2015-06-26,1170.5
1150,2015-06-25,1172.65
1151,2015-06-24,1173.75
1152,2015-06-23,1178.0
1153,2015-06-22,1185.5
1154,2015-06-19,1203.4
1155,2015-06-18,1201.85
1156,2015-06-17,1178.0
1157,2015-06-16,1177.75
1158,2015-06-15,1181.4
1159,2015-06-12,1182.8
1160,2015-06-11,1178.5
1161,2015-06-10,1188.5
1162,2015-06-09,1177.4
1163,2015-06-08,1172.8
1164,2015-06-05,1164.6
1165,2015-06-04,1176.0
1166,2015-06-03,1190.0
1167,2015-06-02,1192.8
1168,2015-06-01,1199.9
1169,2015-05-29,1191.4
1170,2015-05-28,1185.0
1171,2015-05-27,1185.85
1172,2015-05-26,1185.4
1173,2015-05-22,1204.1
1174,2015-05-21,1205.0
1175,2015-05-20,1210.5
1176,2015-05-19,1214.3
1177,2015-05-18,1223.5
1178,2015-05-15,1220.5
1179,2015-05-14,1225.0
1180,2015-05-13,1210.5
1181,2015-05-12,1191.5
1182,2015-05-11,1189.25
1183,2015-05-08,1186.0
1184,2015-05-07,1187.0
1185,2015-05-06,1194.25
1186,2015-05-05,1197.0
1187,2015-05-01,1175.95
1188,2015-04-30,1180.25
1189,2015-04-29,1209.0
1190,2015-04-28,1209.0
1191,2015-04-27,1200.0
1192,2015-04-24,1183.0
1193,2015-04-23,1185.75
1194,2015-04-22,1189.25
1195,2015-04-21,1195.3
1196,2015-04-20,1196.5
1197,2015-04-17,1203.35
1198,2015-04-16,1204.35
1199,2015-04-15,1192.9
1200,2015-04-14,1194.75
1201,2015-04-13,1198.9
1202,2015-04-10,1207.35
1203,2015-04-09,1194.8
1204,2015-04-08,1207.25
1205,2015-04-07,1211.0
1206,2015-04-02,1198.5
1207,2015-04-01,1197.0
1208,2015-03-31,1187.0
1209,2015-03-30,1185.5
1210,2015-03-27,1195.75
1211,2015-03-26,1203.15
1212,2015-03-25,1195.6
1213,2015-03-24,1191.5
1214,2015-03-23,1186.25
1215,2015-03-20,1183.1
1216,2015-03-19,1166.0
1217,2015-03-18,1147.25
1218,2015-03-17,1150.75
1219,2015-03-16,1150.75
1220,2015-03-13,1152.0
1221,2015-03-12,1152.25
1222,2015-03-11,1150.0
1223,2015-03-10,1162.0
1224,2015-03-09,1168.5
1225,2015-03-06,1175.75
1226,2015-03-05,1202.0
1227,2015-03-04,1199.5
1228,2015-03-03,1212.75
1229,2015-03-02,1212.5
1230,2015-02-27,1214.0
1231,2015-02-26,1208.25
1232,2015-02-25,1204.75
1233,2015-02-24,1192.5
1234,2015-02-23,1204.5
1235,2015-02-20,1208.25
1236,2015-02-19,1209.5
1237,2015-02-18,1206.0
1238,2015-02-17,1209.5
1239,2015-02-16,1229.25
1240,2015-02-13,1232.5
1241,2015-02-12,1222.5
1242,2015-02-11,1223.75
1243,2015-02-10,1234.5
1244,2015-02-09,1238.5
1245,2015-02-06,1241.0
1246,2015-02-05,1259.25
1247,2015-02-04,1268.5
1248,2015-02-03,1264.25
1249,2015-02-02,1272.5
1250,2015-01-30,1260.25
1251,2015-01-29,1268.75
1252,2015-01-28,1288.0
1253,2015-01-27,1288.5
1254,2015-01-26,1281.25
1255,2015-01-23,1294.75
1256,2015-01-22,1295.75
1257,2015-01-21,1293.5
1258,2015-01-20,1288.75
1259,2015-01-19,1273.75
1260,2015-01-16,1277.5
1261,2015-01-15,1259.0
1262,2015-01-14,1235.0
1263,2015-01-13,1231.5
1264,2015-01-12,1226.5
1265,2015-01-09,1217.75
1266,2015-01-08,1215.5
1267,2015-01-07,1210.5
1268,2015-01-06,1210.25
1269,2015-01-05,1200.0
1270,2015-01-02,1172.0
