Currency,Date,Price 
BTC,1/13/20,8116.961008
BTC,1/12/20,8149.313717
BTC,1/11/20,8078.993532
BTC,1/10/20,8087.452885
BTC,1/9/20,7808.701364
BTC,1/8/20,8067.606369
BTC,1/7/20,8039.603701
BTC,1/6/20,7713.860754
BTC,1/5/20,7347.433264
BTC,1/4/20,7337.63667
BTC,1/3/20,7291.219505
BTC,1/2/20,6955.48758
BTC,1/1/20,7174.744012
BTC,12/31/19,7179.957819
BTC,12/30/19,7251.276794
BTC,12/29/19,7385.464848
BTC,12/28/19,7311.560644
BTC,12/27/19,7227.293712
BTC,12/26/19,7183.706536
BTC,12/25/19,7212.809395
BTC,12/24/19,7235.62665
BTC,12/23/19,7166.172379
BTC,12/22/19,7236.986205
BTC,12/21/19,7286.335081
BTC,12/20/19,7139.933371
BTC,12/19/19,7147.568324
BTC,12/18/19,7424.0154
BTC,12/17/19,6584.028843
BTC,12/16/19,6883.496394
BTC,12/15/19,7112.731476
BTC,12/14/19,7087.024985
BTC,12/13/19,7238.874323
BTC,12/12/19,7190.272369
BTC,12/11/19,7198.066677
BTC,12/10/19,7239.762575
BTC,12/9/19,7333.096043
BTC,12/8/19,7550.2392
BTC,12/7/19,7532.123513
BTC,12/6/19,7511.880583
BTC,12/5/19,7398.78705
BTC,12/4/19,7213.733762
BTC,12/3/19,7315.367765
BTC,12/2/19,7333.43293
BTC,12/1/19,7381.963008
BTC,11/30/19,7542.235609
BTC,11/29/19,7729.265939
BTC,11/28/19,7390.207469
BTC,11/27/19,7523.480673
BTC,11/26/19,7141.069449
BTC,11/25/19,7211.861809
BTC,11/24/19,7041.732936
BTC,11/23/19,7303.405759
BTC,11/22/19,7262.110535
BTC,11/21/19,7612.740574
BTC,11/20/19,8074.843174
BTC,11/19/19,8118.488536
BTC,11/18/19,8205.806366
BTC,11/17/19,8537.339652
BTC,11/16/19,8469.260899
BTC,11/15/19,8500.643558
BTC,11/14/19,8656.970922
BTC,11/13/19,8749.520591
BTC,11/12/19,8760.892718
BTC,11/11/19,8711.534339
BTC,11/10/19,9081.186878
BTC,11/9/19,8798.042055
BTC,11/8/19,8794.358645
BTC,11/7/19,9226.485821
BTC,11/6/19,9335.752402
BTC,11/5/19,9326.599624
BTC,11/4/19,9369.628081
BTC,11/3/19,9202.415451
BTC,11/2/19,9290.896602
BTC,11/1/19,9197.632345
BTC,10/31/19,9131.41063
BTC,10/30/19,9225.995479
BTC,10/29/19,9455.724693
BTC,10/28/19,9458.22336
BTC,10/27/19,9578.367556
BTC,10/26/19,9171.306532
BTC,10/25/19,8591.223897
BTC,10/24/19,7460.617416
BTC,10/23/19,7420.415836
BTC,10/22/19,8073.409544
BTC,10/21/19,8200.246099
BTC,10/20/19,8200.318763
BTC,10/19/19,7943.347107
BTC,10/18/19,7970.239476
BTC,10/17/19,8058.058081
BTC,10/16/19,8003.820395
BTC,10/14/19,8337.818999
BTC,10/13/19,8282.177326
BTC,10/12/19,8328.60426
BTC,10/11/19,8320.171581
BTC,10/10/19,8582.144518
BTC,10/9/19,8572.380812
BTC,10/8/19,8201.637818
BTC,10/7/19,8236.208379
BTC,10/6/19,7853.693305
BTC,10/5/19,8137.146689
BTC,10/4/19,8163.902638
BTC,10/3/19,8203.843833
BTC,10/2/19,8273.464018
BTC,10/1/19,8333.68919
BTC,9/30/19,8241.34147
BTC,9/29/19,8085.71329
BTC,9/28/19,8146.414032
BTC,9/27/19,8195.210697
BTC,9/26/19,8103.2109
BTC,9/25/19,8438.708552
BTC,9/24/19,8688.973526
BTC,9/23/19,9719.718696
BTC,9/22/19,10031.86671
BTC,9/21/19,9984.520516
BTC,9/20/19,10138.33521
BTC,9/19/19,10223.50558
BTC,9/18/19,10168.28771
BTC,9/17/19,10231.42151
BTC,9/16/19,10301.65965
BTC,9/15/19,10302.19071
BTC,9/14/19,10351.23202
BTC,9/13/19,10299.47696
BTC,9/12/19,10396.7672
BTC,9/11/19,10152.75298
BTC,9/10/19,10082.94683
BTC,9/9/19,10332.94219
BTC,9/8/19,10402.79653
BTC,9/7/19,10495.22736
BTC,9/6/19,10334.02389
BTC,9/5/19,10576.31789
BTC,9/4/19,10555.0469
BTC,9/3/19,10691.3113
BTC,9/2/19,10381.85596
BTC,9/1/19,9780.667897
BTC,8/31/19,9624.983911
BTC,8/30/19,9590.736337
BTC,8/29/19,9487.976434
BTC,8/28/19,9743.162051
BTC,8/27/19,10122.19653
BTC,8/26/19,10312.21504
BTC,8/25/19,10068.92242
BTC,8/24/19,10171.49746
BTC,8/23/19,10364.28135
BTC,8/22/19,10161.16475
BTC,8/21/19,10064.91679
BTC,8/20/19,10818.50701
BTC,8/19/19,10774.81031
BTC,8/18/19,10335.37284
BTC,8/17/19,10212.10144
BTC,8/16/19,10388.45059
BTC,8/15/19,10386.53955
BTC,8/14/19,10211.49858
BTC,8/13/19,10869.37911
BTC,8/12/19,11391.96865
BTC,8/11/19,11485.36578
BTC,8/10/19,11278.28125
BTC,8/9/19,11827.57457
BTC,8/8/19,11817.45548
BTC,8/7/19,11956.04722
BTC,8/6/19,11310.18722
BTC,8/5/19,11811.78705
BTC,8/4/19,10985.80754
BTC,8/3/19,10831.25986
BTC,8/2/19,10513.91147
BTC,8/1/19,10385.20061
BTC,7/31/19,10005.29447
BTC,7/30/19,9572.735372
BTC,7/29/19,9506.704273
BTC,7/28/19,9495.855261
BTC,7/27/19,9440.140037
BTC,7/26/19,9812.226351
BTC,7/25/19,9897.429352
BTC,7/24/19,9771.504761
BTC,7/23/19,10027.53261
BTC,7/22/19,10285.63923
BTC,7/21/19,10551.13163
BTC,7/20/19,10983.216
BTC,7/19/19,10466.26094
BTC,7/18/19,10603.34887
BTC,7/17/19,9733.132134
BTC,7/16/19,9490.410516
BTC,7/15/19,10934.48274
BTC,7/14/19,10506.39583
BTC,7/13/19,11279.60274
BTC,7/12/19,11802.95996
BTC,7/11/19,11324.1447
BTC,7/10/19,12054.18379
BTC,7/9/19,12575.90407
BTC,7/8/19,12335.99939
BTC,7/7/19,11422.11447
BTC,7/6/19,11219.046
BTC,7/5/19,10946.20905
BTC,7/4/19,11645.52461
BTC,7/3/19,11942.24022
BTC,7/2/19,10800.13014
BTC,7/1/19,10454.68382
BTC,6/30/19,10932.31051
BTC,6/29/19,12024.08097
BTC,6/28/19,12316.95301
BTC,6/27/19,11086.26883
BTC,6/26/19,12444.92586
BTC,6/25/19,11665.40968
BTC,6/24/19,10996.45975
BTC,6/23/19,10843.57097
BTC,6/22/19,10461.41217
BTC,6/21/19,9906.407965
BTC,6/20/19,9559.900689
BTC,6/19/19,9259.123638
BTC,6/18/19,9012.48785
BTC,6/17/19,9346.975087
BTC,6/16/19,9061.540461
BTC,6/15/19,8836.168413
BTC,6/14/19,8667.787954
BTC,6/13/19,8256.720099
BTC,6/12/19,8151.78868
BTC,6/11/19,7903.62525
BTC,6/10/19,7954.006238
BTC,6/9/19,7600.922492
BTC,6/8/19,7949.425799
BTC,6/7/19,8030.256079
BTC,6/6/19,7730.881726
BTC,6/5/19,7790.321135
BTC,6/4/19,7645.572514
BTC,6/3/19,8474.048229
BTC,6/2/19,8744.265561
BTC,6/1/19,8588.479505
BTC,5/31/19,8513.203882
BTC,5/30/19,8287.040256
BTC,5/29/19,8672.400107
BTC,5/28/19,8719.331485
BTC,5/27/19,8800.346606
BTC,5/26/19,8653.142368
BTC,5/25/19,8089.570163
BTC,5/24/19,8038.506791
BTC,5/23/19,7903.84691
BTC,5/22/19,7723.90388
BTC,5/21/19,7961.128743
BTC,5/20/19,7917.012499
BTC,5/19/19,8221.259395
BTC,5/18/19,7295.649729
BTC,5/17/19,7243.650539
BTC,5/16/19,7820.076243
BTC,5/15/19,8177.453519
BTC,5/14/19,7928.417416
BTC,5/13/19,7906.940835
BTC,5/12/19,6992.706661
BTC,5/11/19,7254.805536
BTC,5/10/19,6387.82945
BTC,5/9/19,6159.685902
BTC,5/8/19,5932.441391
BTC,5/7/19,5899.529693
BTC,5/6/19,5706.008421
BTC,5/5/19,5713.035052
BTC,5/4/19,5812.331779
BTC,5/3/19,5697.679054
BTC,5/2/19,5405.878067
BTC,5/1/19,5297.942492
BTC,4/30/19,5277.444469
BTC,4/29/19,5151.4335
BTC,4/28/19,5152.54574
BTC,4/27/19,5200.193239
BTC,4/26/19,5151.574528
BTC,4/25/19,5132.227526
BTC,4/24/19,5432.991017
BTC,4/23/19,5552.521911
BTC,4/22/19,5398.433417
BTC,4/21/19,5276.558318
BTC,4/20/19,5292.14833
BTC,4/19/19,5266.661246
BTC,4/18/19,5276.558982
BTC,4/17/19,5220.959934
BTC,4/16/19,5184.204468
BTC,4/15/19,5045.675166
BTC,4/14/19,5158.387401
BTC,4/13/19,5066.86704
BTC,4/12/19,5077.515864
BTC,4/11/19,5049.605824
BTC,4/10/19,5283.543758
BTC,4/9/19,5179.997649
BTC,4/8/19,5260.205043
BTC,4/7/19,5198.17317
BTC,4/6/19,5028.321082
BTC,4/5/19,5030.933271
BTC,4/4/19,4875.599431
BTC,4/3/19,5102.150753
BTC,4/2/19,4818.770635
BTC,4/1/19,4135.18494
BTC,3/31/19,4094.704791
BTC,3/30/19,4081.221605
BTC,3/29/19,4080.260114
BTC,3/28/19,4008.370872
BTC,3/27/19,4018.59051
BTC,3/26/19,3915.37532
BTC,3/25/19,3913.781717
BTC,3/24/19,3968.438701
BTC,3/23/19,3977.707443
BTC,3/22/19,3987.305225
BTC,3/21/19,3974.811429
BTC,3/20/19,4027.787395
BTC,3/19/19,3996.037131
BTC,3/18/19,3974.415764
BTC,3/17/19,3970.389045
BTC,3/16/19,3985.851236
BTC,3/15/19,3892.052301
BTC,3/14/19,3855.744363
BTC,3/13/19,3846.274442
BTC,3/12/19,3866.295946
BTC,3/11/19,3851.24919
BTC,3/10/19,3899.655869
BTC,3/9/19,3898.86846
BTC,3/8/19,3828.371904
BTC,3/7/19,3859.839983
BTC,3/6/19,3848.95637
BTC,3/5/19,3832.080885
BTC,3/4/19,3689.862893
BTC,3/3/19,3782.664101
BTC,3/2/19,3804.41917
BTC,3/1/19,3811.611979
BTC,2/28/19,3799.678543
BTC,2/27/19,3772.936335
BTC,2/26/19,3797.58179
BTC,2/25/19,3819.865341
BTC,2/24/19,3763.620516
BTC,2/23/19,4105.112759
BTC,2/22/19,3933.60759
BTC,2/21/19,3889.758485
BTC,2/20/19,3924.739844
BTC,2/19/19,3904.48292
BTC,2/18/19,3865.318165
BTC,2/17/19,3606.151988
BTC,2/16/19,3596.405191
BTC,2/15/19,3566.247765
BTC,2/14/19,3558.396858
BTC,2/13/19,3569.554833
BTC,2/12/19,3579.341881
BTC,2/11/19,3593.183177
BTC,2/10/19,3621.154003
BTC,2/9/19,3617.46468
BTC,2/8/19,3591.022152
BTC,2/7/19,3360.534076
BTC,2/6/19,3367.519032
BTC,2/5/19,3419.767899
BTC,2/4/19,3412.230431
BTC,2/3/19,3404.499313
BTC,2/2/19,3433.035285
BTC,2/1/19,3439.805699
BTC,1/31/19,3420.633227
BTC,1/30/19,3441.032215
BTC,1/29/19,3395.018645
BTC,1/28/19,3425.262161
BTC,1/27/19,3539.620947
BTC,1/26/19,3563.27801
BTC,1/25/19,3566.666164
BTC,1/24/19,3562.920476
BTC,1/23/19,3549.770799
BTC,1/22/19,3581.551947
BTC,1/21/19,3528.463529
BTC,1/20/19,3544.221724
BTC,1/19/19,3690.908564
BTC,1/18/19,3605.855187
BTC,1/17/19,3623.717337
BTC,1/16/19,3593.72174
BTC,1/15/19,3568.751259
BTC,1/14/19,3654.347067
BTC,1/13/19,3497.669392
BTC,1/12/19,3611.528238
BTC,1/11/19,3606.16489
BTC,1/10/19,3617.346291
BTC,1/9/19,3995.325193
BTC,1/8/19,3992.986144
BTC,1/7/19,3989.631741
BTC,1/6/19,4014.133187
BTC,1/5/19,3809.914343
BTC,1/4/19,3812.381108
BTC,1/3/19,3795.592741
BTC,1/2/19,3882.304754
BTC,1/1/19,3715.564441
BTC,12/31/18,3689.56462
BTC,12/28/18,3865.5293
BTC,12/27/18,3587.198223
BTC,12/26/18,3807.153022
BTC,12/25/18,3767.350024
BTC,12/24/18,4054.29626
BTC,12/23/18,3949.794342
BTC,12/22/18,3862.726329
BTC,12/21/18,3824.739794
BTC,12/20/18,4065.799953
BTC,12/19/18,3709.316759
BTC,12/18/18,3562.894946
BTC,12/17/18,3478.461203
BTC,12/16/18,3200.642468
BTC,12/15/18,3194.962272
BTC,12/14/18,3212.207081
BTC,12/13/18,3263.547913
BTC,12/12/18,3414.833749
BTC,12/11/18,3360.946628
BTC,12/10/18,3419.733768
BTC,12/9/18,3507.306367
BTC,12/8/18,3452.616185
BTC,12/7/18,3391.874146
BTC,12/6/18,3578.206624
BTC,12/5/18,3713.573383
BTC,12/4/18,3889.29212
BTC,12/3/18,3847.032737
BTC,12/2/18,4118.518242
BTC,12/1/18,4178.603828
BTC,11/30/18,3952.447895
BTC,11/29/18,4218.608363
BTC,11/28/18,4174.319972
BTC,11/27/18,3792.192364
BTC,11/26/18,3640.557165
BTC,11/25/18,3951.205029
BTC,11/24/18,3728.872648
BTC,11/23/18,4329.91722
BTC,11/22/18,4405.744031
BTC,11/21/18,4478.299558
BTC,11/20/18,4246.312774
BTC,11/19/18,4800.342897
BTC,11/18/18,5553.014895
BTC,11/17/18,5497.411279
BTC,11/16/18,5448.600634
BTC,11/15/18,5511.152834
BTC,11/14/18,5524.801093
BTC,11/13/18,6282.438677
BTC,11/12/18,6327.154696
BTC,11/11/18,6327.480646
BTC,11/10/18,6365.655232
BTC,11/9/18,6343.632504
BTC,11/8/18,6412.524289
BTC,11/7/18,6514.489453
BTC,11/6/18,6425.917802
BTC,11/5/18,6396.352124
BTC,11/4/18,6405.139755
BTC,11/3/18,6344.738943
BTC,11/2/18,6360.141272
BTC,11/1/18,6341.094813
BTC,10/31/18,6321.713671
BTC,10/30/18,6276.4645
BTC,10/29/18,6266.189683
BTC,10/28/18,6429.687141
BTC,10/27/18,6436.355484
BTC,10/26/18,6392.179337
BTC,10/25/18,6405.500726
BTC,10/24/18,6407.667175
BTC,10/23/18,6396.252324
BTC,10/22/18,6396.880154
BTC,10/21/18,6412.530491
BTC,10/20/18,6407.479085
BTC,10/19/18,6372.686817
BTC,10/18/18,6374.648863
BTC,10/17/18,6444.74701
BTC,10/16/18,6724.833078
BTC,10/15/18,6721.587503
BTC,10/14/18,6361.417016
BTC,10/13/18,6331.131154
BTC,10/12/18,6309.198921
BTC,10/11/18,6285.859203
BTC,10/10/18,6619.495845
BTC,10/9/18,6663.021071
BTC,10/8/18,6662.8685
BTC,10/7/18,6591.686318
BTC,10/6/18,6595.260326
BTC,10/5/18,6630.575297
BTC,10/4/18,6594.935786
BTC,10/3/18,6481.24577
BTC,10/2/18,6576.354229
BTC,10/1/18,6603.754342
BTC,9/30/18,6647.387947
BTC,9/29/18,6576.61432
BTC,9/28/18,6502.688151
BTC,9/27/18,6698.416047
BTC,9/26/18,6509.776621
BTC,9/25/18,6391.385981
BTC,9/24/18,6466.994564
BTC,9/23/18,6289.621327
BTC,9/22/18,6293.836421
BTC,9/21/18,6317.699685
BTC,9/20/18,6288.07017
BTC,9/19/18,6282.610727
BTC,9/18/18,6278.595486
BTC,9/17/18,6273.220083
BTC,9/16/18,6281.409356
BTC,9/15/18,6280.310107
BTC,9/14/18,6285.982466
BTC,9/13/18,6283.1842
BTC,9/12/18,6277.494409
BTC,9/11/18,6275.669588
BTC,9/10/18,6275.083132
BTC,9/9/18,6253.937201
BTC,9/8/18,6181.744207
BTC,9/7/18,6400.268706
BTC,9/6/18,6471.493884
BTC,9/5/18,6913.115013
BTC,9/4/18,7361.271864
BTC,9/3/18,7260.251593
BTC,9/2/18,7282.858514
BTC,9/1/18,7198.058436
BTC,8/31/18,7028.447312
BTC,8/30/18,6938.914582
BTC,8/29/18,7059.231235
BTC,8/28/18,7084.293617
BTC,8/27/18,6756.628926
BTC,8/26/18,6689.822683
BTC,8/25/18,6725.032327
BTC,8/24/18,6675.360683
BTC,8/23/18,6503.832362
BTC,8/22/18,6355.881809
BTC,8/21/18,6470.733567
BTC,8/20/18,6299.395333
BTC,8/19/18,6516.668382
BTC,8/18/18,6396.946369
BTC,8/17/18,6566.595283
BTC,8/16/18,6273.88807
BTC,8/15/18,6332.6069
BTC,8/14/18,6123.447601
BTC,8/13/18,6260.192995
BTC,8/12/18,6338.738957
BTC,8/11/18,6391.599258
BTC,8/10/18,6092.533104
BTC,8/9/18,6482.973449
BTC,8/8/18,6460.153155
BTC,8/7/18,6748.441484
BTC,8/6/18,7402.336634
BTC,8/5/18,7411.515299
BTC,8/4/18,7396.041122
BTC,8/3/18,7423.074378
BTC,8/2/18,7547.314951
BTC,8/1/18,7588.58618
BTC,7/31/18,7700.834129
BTC,7/30/18,8166.38836
BTC,7/29/18,8201.89009
BTC,7/28/18,8184.695535
BTC,7/27/18,8254.277348
BTC,7/26/18,7925.247396
BTC,7/25/18,8271.59792
BTC,7/24/18,8325.801534
BTC,7/23/18,7730.24748
BTC,7/22/18,7411.200525
BTC,7/21/18,7424.734238
BTC,7/20/18,7357.445677
BTC,7/19/18,7484.63967
BTC,7/18/18,7359.737018
BTC,7/17/18,7315.55104
BTC,7/16/18,6671.625919
BTC,7/15/18,6366.349904
BTC,7/14/18,6254.678129
BTC,7/12/18,6144.810118
BTC,7/11/18,6360.446668
BTC,7/10/18,6364.38759
BTC,7/9/18,6694.530851
BTC,7/8/18,6744.988679
BTC,7/7/18,6570.427592
BTC,7/5/18,6538.682432
BTC,7/4/18,6589.632793
BTC,7/3/18,6482.830594
BTC,7/2/18,6629.749595
BTC,7/1/18,6373.277854
BTC,6/30/18,6343.8922
BTC,6/29/18,6189.309252
BTC,6/28/18,5954.526582
BTC,6/27/18,6140.1915
BTC,6/26/18,6148.422705
BTC,6/25/18,6244.328455
BTC,6/24/18,6142.39257
BTC,6/23/18,6198.700824
BTC,6/22/18,6099.445277
BTC,6/21/18,6729.925937
BTC,6/20/18,6736.867721
BTC,6/19/18,6731.710147
BTC,6/18/18,6711.64967
BTC,6/17/18,6482.868697
BTC,6/16/18,6529.544015
BTC,6/15/18,6397.44117
BTC,6/14/18,6601.324158
BTC,6/13/18,6321.655965
BTC,6/12/18,6525.329182
BTC,6/11/18,6780.340803
BTC,6/5/18,7624.187971
BTC,6/4/18,7505.589277
BTC,6/3/18,7716.145068
BTC,6/2/18,7630.403388
BTC,6/1/18,7518.333329
BTC,5/31/18,7448.48274
BTC,5/30/18,7491.61125
BTC,5/29/18,7118.42375
BTC,5/28/18,7383.2175
BTC,5/27/18,7296.79625
BTC,5/26/18,7436.835
BTC,5/25/18,7599.9525
BTC,5/24/18,7614.96375
BTC,5/23/18,7951.51375
BTC,5/22/18,8324.025
BTC,5/21/18,8493.13125
BTC,5/20/18,8250.395
BTC,5/19/18,8237.3425
BTC,5/18/18,7996.82125
BTC,5/17/18,8360.22875
BTC,5/16/18,8159.25625
BTC,5/15/18,8711.38875
BTC,5/14/18,8398.86249
BTC,5/13/18,8442.23875
BTC,5/12/18,8408.35875
BTC,5/11/18,8920.25625
BTC,5/10/18,9327.04999
BTC,5/9/18,9039.02875
BTC,5/8/18,9424.99124
BTC,5/7/18,9326.76125
BTC,5/6/18,9845.54375
BTC,5/5/18,9817.5975
BTC,5/4/18,9572.69875
BTC,5/3/18,9228.8525
BTC,5/2/18,9029.47875
BTC,5/1/18,8949.87624
BTC,4/30/18,9268.7175
BTC,4/29/18,9444.1425
BTC,4/28/18,9144.38375
BTC,4/27/18,9153.64125
BTC,4/26/18,8807.515
BTC,4/25/18,9373.3025
BTC,4/24/18,9191.82
BTC,4/23/18,8868.16124
BTC,4/22/18,8830.05875
BTC,4/21/18,8866.67
BTC,4/20/18,8333.81374
BTC,4/19/18,8188.71875
BTC,4/18/18,7937.61
BTC,4/17/18,8030.57
BTC,4/16/18,8160.4125
BTC,4/15/18,8083.57375
BTC,4/14/18,8040.88125
BTC,4/13/18,7823.55875
BTC,4/12/18,6941.63875
BTC,4/11/18,6824.49375
BTC,4/10/18,6789.2675
BTC,4/9/18,7125.53875
BTC,4/8/18,6964.4325
BTC,4/7/18,6854.92125
BTC,4/6/18,6766.5925
BTC,4/5/18,6769.48375
BTC,4/4/18,7295.89
BTC,4/3/18,7182.12
BTC,4/2/18,6986.835
BTC,4/1/18,6926.875
BTC,3/31/18,6970.36375
BTC,3/30/18,6861.325
BTC,3/29/18,7866.36
BTC,3/28/18,7863.255
BTC,3/27/18,7854.6375
BTC,3/26/18,8429.33124
BTC,3/25/18,8548.8125
BTC,3/24/18,8881.98625
BTC,3/23/18,8411.6525
BTC,3/22/18,9023.7175
BTC,3/21/18,9028.2975
BTC,3/20/18,8597.3375
BTC,3/19/18,8189.49125
BTC,3/18/18,7667.99
BTC,3/17/18,8206.555
BTC,3/16/18,8039.6025
BTC,3/15/18,7895.98875
BTC,3/14/18,9260.70875
BTC,3/13/18,9047.5125
BTC,3/12/18,9433.47374
BTC,3/11/18,8680.6075
BTC,3/10/18,9251.2925
BTC,3/9/18,8980.19249
BTC,3/8/18,9552.75875
BTC,3/7/18,10735.88625
BTC,3/6/18,11246.7475
BTC,3/5/18,11558.475
BTC,3/4/18,11171.8175
BTC,3/3/18,11305.1225
BTC,3/2/18,11100.2925
BTC,3/1/18,10352.04625
BTC,2/28/18,10903.01875
BTC,2/27/18,10272.9025
BTC,2/26/18,9627.71625
BTC,2/25/18,9585.285
BTC,2/24/18,10412.36875
BTC,2/23/18,9809.72125
BTC,2/22/18,10727.9525
BTC,2/21/18,10928.02
BTC,2/20/18,11416.03875
BTC,2/19/18,10537.00625
BTC,2/18/18,10855.9375
BTC,2/17/18,10474.77125
BTC,2/16/18,10110.83875
BTC,2/15/18,9659.2875
BTC,2/14/18,8693.2525
BTC,2/13/18,8766.8525
BTC,2/12/18,8478.92499
BTC,2/11/18,8045.44
BTC,2/10/18,8930.13875
BTC,2/9/18,8086.7725
BTC,2/8/18,7987.28125
BTC,2/7/18,7270.5075
BTC,2/6/18,6332.37
BTC,2/5/18,8136.39
BTC,2/4/18,9192.045
BTC,2/3/18,8285.50124
BTC,2/2/18,8715.59499
BTC,2/1/18,9970.30875
BTC,1/31/18,9914.4725
BTC,1/30/18,10917.15125
BTC,1/29/18,11412.79375
BTC,1/28/18,11452.23
BTC,1/27/18,11005.615
BTC,1/26/18,11524.345
BTC,1/25/18,11629.375
BTC,1/24/18,10830.9275
BTC,1/23/18,10872.9025
BTC,1/22/18,11508.62
BTC,1/21/18,12486.06625
BTC,1/20/18,11742.94125
BTC,1/19/18,11137.36875
BTC,1/18/18,11340.65
BTC,1/17/18,10870.16875
BTC,1/16/18,12915.11625
BTC,1/15/18,13519.92625
BTC,1/14/18,14217.3625
BTC,1/13/18,14165.90625
BTC,1/12/18,13633.36375
BTC,1/11/18,13269.5975
BTC,1/10/18,14122.825
BTC,1/9/18,15242.93625
BTC,1/8/18,15632.41125
BTC,1/7/18,16735.10625
BTC,1/6/18,16576.69625
BTC,1/5/18,14953.8525
BTC,1/4/18,15104.45
BTC,1/3/18,14881.545
BTC,1/2/18,13337.62125
BTC,1/1/18,13439.4175
BTC,12/31/17,13062.145
BTC,12/30/17,13643.695
BTC,12/29/17,14867.5725
BTC,12/28/17,14362.40375
BTC,12/27/17,15846.07375
BTC,12/26/17,14652.3675
BTC,12/25/17,13387.34875
BTC,12/24/17,14103.21875
BTC,12/23/17,14694.5825
BTC,12/22/17,14182.46499
BTC,12/21/17,16925.0175
BTC,12/20/17,16862.57125
BTC,12/19/17,18984.7675
BTC,12/18/17,18640.2625
BTC,12/17/17,19166.97874
BTC,12/16/17,17436.5975
BTC,12/15/17,17221.65125
BTC,12/14/17,16246.13875
BTC,12/13/17,16678.28749
BTC,12/12/17,16374.8975
BTC,12/11/17,16299.2975
BTC,12/10/17,13152.52875
BTC,12/9/17,15732.1
BTC,12/8/17,16403.42125
BTC,12/7/17,13734.52
BTC,12/6/17,12230.365
BTC,12/5/17,11597.23125
BTC,12/4/17,11382.20875
BTC,12/3/17,10973.54375
BTC,12/2/17,10923.20125
BTC,12/1/17,9706.10375
BTC,11/30/17,10542.6625
BTC,11/29/17,10295.6225
BTC,11/28/17,9713.09625
BTC,11/27/17,9573.9675
BTC,11/26/17,8851.305
BTC,11/25/17,8190.87125
BTC,11/24/17,8094.445
BTC,11/23/17,8208.75375
BTC,11/22/17,8150.6325
BTC,11/21/17,7879.06
BTC,11/20/17,7954.7675
BTC,11/19/17,7787.45625
BTC,11/18/17,7598.2775
BTC,11/17/17,7924.1825
BTC,11/16/17,7259.3
BTC,11/15/17,6867.42625
BTC,11/14/17,6666.27125
BTC,11/13/17,5969.13
BTC,11/12/17,6075.30125
BTC,11/11/17,6773.695
BTC,11/10/17,7250.77
BTC,11/9/17,7342.82375
BTC,11/8/17,7356.50625
BTC,11/7/17,7123.89375
BTC,11/6/17,7231.93
BTC,11/5/17,7376.7425
BTC,11/4/17,7210.46875
BTC,11/3/17,7199.2375
BTC,11/2/17,6879.365
BTC,11/1/17,6424.515
BTC,10/31/17,6130.56375
BTC,10/30/17,6151.325
BTC,10/29/17,5741.7225
BTC,10/28/17,5737.1025
BTC,10/27/17,5923.70625
BTC,10/26/17,5776.87875
BTC,10/25/17,5550.85875
BTC,10/24/17,5649.005
BTC,10/23/17,5969.795
BTC,10/22/17,5949.07875
BTC,10/21/17,6098.115
BTC,10/20/17,5686.52625
BTC,10/19/17,5627.08625
BTC,10/18/17,5495.03875
BTC,10/17/17,5643.55375
BTC,10/16/17,5607.01
BTC,10/15/17,5779.07375
BTC,10/14/17,5666.97875
BTC,10/13/17,5728.5475
BTC,10/12/17,4858.60499
BTC,10/11/17,4741.70875
BTC,10/10/17,4789.30125
BTC,10/9/17,4624.34875
BTC,10/8/17,4446.17249
BTC,10/7/17,4370.16875
BTC,10/6/17,4325.23625
BTC,10/5/17,4186.78374
BTC,10/4/17,4307.555
BTC,10/3/17,4424.4725
BTC,10/2/17,4414.1775
BTC,10/1/17,4300.55125
BTC,9/30/17,4207.825
BTC,9/29/17,4062.20375
BTC,9/28/17,4220.28
BTC,9/27/17,3939.515
BTC,9/26/17,3920.99125
BTC,9/25/17,3753.435
BTC,9/24/17,3772.8475
BTC,9/23/17,3612.1625
BTC,9/22/17,3690.99125
BTC,9/21/17,3827.685
BTC,9/20/17,3863.18625
BTC,9/19/17,3976.3875
BTC,9/18/17,3764.6175
BTC,9/17/17,3608.595
BTC,9/16/17,3772.68375
BTC,9/15/17,3358.10875
BTC,9/14/17,3817.0575
BTC,9/13/17,3944.58375
BTC,9/12/17,4295.76124
BTC,9/11/17,4307.82625
BTC,9/10/17,4194.21875
BTC,9/9/17,4280.975
BTC,9/8/17,4628.6025
BTC,9/7/17,4543.1025
BTC,9/6/17,4517.57
BTC,9/5/17,4160.535
BTC,9/4/17,4593.1825
BTC,9/3/17,4672.56875
BTC,9/2/17,4864.285
BTC,9/1/17,4783.17
BTC,8/31/17,4676.1425
BTC,8/30/17,4664.64375
BTC,8/29/17,4442.6575
BTC,8/28/17,4340.46
BTC,8/27/17,4381.39625
BTC,8/26/17,4359.9025
BTC,8/25/17,4396.03125
BTC,8/24/17,4178.75625
BTC,8/23/17,4162.79249
BTC,8/22/17,3911.27625
BTC,8/21/17,4110.94125
BTC,8/20/17,4139.38125
BTC,8/19/17,4180.23875
BTC,8/18/17,4311.685
BTC,8/17/17,4322.42125
BTC,8/16/17,4118.9025
BTC,8/15/17,4462.67625
BTC,8/14/17,4036.7575
BTC,8/13/17,4104.015
BTC,8/12/17,3705.43
BTC,8/11/17,3451.8525
BTC,8/10/17,3364.41125
BTC,8/9/17,3416.185
BTC,8/8/17,3474.7625
BTC,8/7/17,3274.6375
BTC,8/6/17,3254.71
BTC,8/5/17,3123.41125
BTC,8/4/17,2811.71
BTC,8/3/17,2740.07125
BTC,8/2/17,2739.70875
BTC,8/1/17,2867.65375
BTC,7/31/17,2718.6175
BTC,7/30/17,2714.70375
BTC,7/29/17,2719.69
BTC,7/28/17,2699.72125
BTC,7/27/17,2570.195
BTC,7/26/17,2540.20874
BTC,7/25/17,2768.8025
BTC,7/24/17,2772.3675
BTC,7/23/17,2831.67875
BTC,7/22/17,2738.775
BTC,7/21/17,2740.56875
BTC,7/20/17,2349.355
BTC,7/19/17,2354.8925
BTC,7/18/17,2189.23999
BTC,7/17/17,1986.9425
BTC,7/16/17,2045.5725
BTC,7/15/17,2109.37375
BTC,7/14/17,2337.67875
BTC,7/13/17,2437.55375
BTC,7/12/17,2292.91375
BTC,7/11/17,2352.265
BTC,7/10/17,2524.12624
BTC,7/9/17,2586.0425
BTC,7/8/17,2514.3625
BTC,7/7/17,2598.57
BTC,7/6/17,2634.17375
BTC,7/5/17,2588.67875
BTC,7/4/17,2640.06125
BTC,7/3/17,2513.74125
BTC,7/2/17,2424.69875
BTC,7/1/17,2479.05499
BTC,6/30/17,2547.3225
BTC,6/29/17,2591.2675
BTC,6/28/17,2556.1675
BTC,6/27/17,2513.42999
BTC,6/26/17,2630.59499
BTC,6/25/17,2598.15875
BTC,6/24/17,2740.5925
BTC,6/23/17,2763.29125
BTC,6/22/17,2702.00375
BTC,6/21/17,2805.0975
BTC,6/20/17,2667.5475
BTC,6/19/17,2611.67999
BTC,6/18/17,2680.1025
BTC,6/17/17,2520.78375
BTC,6/16/17,2438.61749
BTC,6/15/17,2518.54875
BTC,6/14/17,2780.1825
BTC,6/13/17,2697.0775
BTC,6/12/17,3007.0125
BTC,6/11/17,2910.33625
BTC,6/10/17,2846.00625
BTC,6/9/17,2826.03875
BTC,6/8/17,2737.9025
BTC,6/7/17,2900.8525
BTC,6/6/17,2855.03
BTC,6/5/17,2605.125
BTC,6/4/17,2526.31125
BTC,6/3/17,2475.2975
BTC,6/2/17,2477.1725
BTC,6/1/17,2402.125
BTC,5/31/17,2170.98124
BTC,5/30/17,2315.73625
BTC,5/29/17,2195.785
BTC,5/28/17,2234.83374
BTC,5/27/17,2232.2875
BTC,5/26/17,2460.95375
BTC,5/25/17,2581.85375
BTC,5/24/17,2348.55249
BTC,5/23/17,2196.66874
BTC,5/22/17,2114.98875
BTC,5/21/17,2074.69625
BTC,5/20/17,1983.97875
BTC,5/19/17,1913.13875
BTC,5/18/17,1796.89625
BTC,5/17/17,1744.44125
BTC,5/16/17,1665.0325
BTC,5/15/17,1747.04375
BTC,5/14/17,1774.805
BTC,5/13/17,1634.6075
BTC,5/12/17,1774.52
BTC,5/11/17,1748.35375
BTC,5/10/17,1695.83125
BTC,5/9/17,1644.72875
BTC,5/8/17,1564.065
BTC,5/7/17,1554.6025
BTC,5/6/17,1536.1525
BTC,5/5/17,1543.31
BTC,5/4/17,1506.7725
BTC,5/3/17,1448.88625
BTC,5/2/17,1416.61
BTC,5/1/17,1370.79
BTC,4/30/17,1311.58874
BTC,4/29/17,1319.7
BTC,4/28/17,1335.825
BTC,4/27/17,1289.7475
BTC,4/26/17,1269.69625
BTC,4/25/17,1251.5775
BTC,4/24/17,1243.43
BTC,4/23/17,1232.7575
BTC,4/22/17,1255.25125
BTC,4/21/17,1261.702
BTC,4/20/17,1227.981
BTC,4/19/17,1218.666
BTC,4/18/17,1211.73799
BTC,4/17/17,1184.2
BTC,4/16/17,1189.55
BTC,4/15/17,1186.10899
BTC,4/14/17,1187.136
BTC,4/13/17,1216.269
BTC,4/12/17,1226.896
BTC,4/11/17,1206.74
BTC,4/10/17,1213.801
BTC,4/9/17,1187.03299
BTC,4/8/17,1196.896
BTC,4/7/17,1177.284
BTC,4/6/17,1150.685
BTC,4/5/17,1139.86
BTC,4/4/17,1148.092
BTC,4/3/17,1140.037
BTC,4/2/17,1082.37
BTC,4/1/17,1077.557
BTC,3/31/17,1048.86299
BTC,3/30/17,1041.374
BTC,3/29/17,1011.969
BTC,3/28/17,1035.32199
BTC,3/27/17,968.293
BTC,3/26/17,962.508
BTC,3/25/17,921.808
BTC,3/24/17,1013.844
BTC,3/23/17,1036.099
BTC,3/22/17,1091.333
BTC,3/21/17,1065.481
BTC,3/20/17,1036.226
BTC,3/19/17,1000.24599
BTC,3/18/17,1062.07
BTC,3/17/17,1126.08199
BTC,3/16/17,1247.67099
BTC,3/15/17,1245.892
BTC,3/14/17,1242.806
BTC,3/13/17,1235.553
BTC,3/12/17,1186.351
BTC,3/11/17,1147.625
BTC,3/10/17,1200.557
BTC,3/9/17,1153.06
BTC,3/8/17,1206.357
BTC,3/7/17,1280.30499
BTC,3/6/17,1273.24699
BTC,3/5/17,1260.668
BTC,3/4/17,1285.376
BTC,3/3/17,1269.776
BTC,3/2/17,1221.05
BTC,3/1/17,1193.611
BTC,2/28/17,1189.94699
BTC,2/27/17,1189.366
BTC,2/26/17,1139.848
BTC,2/25/17,1182.429
BTC,2/24/17,1193.501
BTC,2/23/17,1122.515
BTC,2/22/17,1112.86375
BTC,2/21/17,1079.5825
BTC,2/20/17,1046.66249
BTC,2/19/17,1052.84375
BTC,2/18/17,1058.315
BTC,2/17/17,1038.86625
BTC,2/16/17,1018.41125
BTC,2/15/17,1003.59
BTC,2/14/17,994.58
BTC,2/13/17,1004.85375
BTC,2/12/17,1004.71375
BTC,2/11/17,997.2275
BTC,2/10/17,974.95875
BTC,2/9/17,1072.205
BTC,2/8/17,1067.70875
BTC,2/7/17,1029.40875
BTC,2/6/17,1019.3125
BTC,2/5/17,1029.40124
BTC,2/4/17,1011.215
BTC,2/3/17,1020.09
BTC,2/2/17,982.8275
BTC,2/1/17,973.065
BTC,1/31/17,921.35125
BTC,1/30/17,916.91125
BTC,1/29/17,920.82875
BTC,1/28/17,919.795
BTC,1/27/17,912.84375
BTC,1/26/17,901.05
BTC,1/25/17,898.55
BTC,1/24/17,912.2125
BTC,1/23/17,920.365
BTC,1/22/17,934.7775
BTC,1/21/17,920.58875
BTC,1/20/17,896.16375
BTC,1/19/17,888.0625
BTC,1/18/17,890.29375
BTC,1/17/17,848.58125
BTC,1/16/17,830.74
BTC,1/15/17,821.19625
BTC,1/14/17,820.68875
BTC,1/13/17,784.89375
BTC,1/12/17,772.66125
BTC,1/11/17,910.60625
BTC,1/10/17,905.22625
BTC,1/9/17,889.33875
BTC,1/8/17,923.52375
BTC,1/7/17,837.83625
BTC,1/6/17,985.93875
BTC,1/5/17,1140.385
BTC,1/4/17,1047.09999
BTC,1/3/17,1028.33375
BTC,1/2/17,1009.97375
BTC,1/1/17,964.325
BTC,12/31/16,952.455
BTC,12/30/16,954.84375
BTC,12/29/16,971.645
BTC,12/28/16,948.89875
BTC,12/27/16,900.36625
BTC,12/26/16,905.45625
BTC,12/25/16,870.13125
BTC,12/24/16,910.2475
BTC,12/23/16,910.9325
BTC,12/22/16,842.63875
BTC,12/21/16,805.79625
BTC,12/20/16,789.2325
BTC,12/19/16,791
BTC,12/18/16,789.24625
BTC,12/17/16,786.9725
BTC,12/16/16,776.415
BTC,12/15/16,776.9825
BTC,12/14/16,778.35625
BTC,12/13/16,774.38625
BTC,12/12/16,769.8275
BTC,12/11/16,765.9525
BTC,12/10/16,773.2825
BTC,12/9/16,766.8725
BTC,12/8/16,763.23625
BTC,12/7/16,758.35375
BTC,12/6/16,754.82625
BTC,12/5/16,760.1
BTC,12/4/16,764.3575
BTC,12/3/16,769.915
BTC,12/2/16,766.5925
BTC,12/1/16,744.1025
BTC,11/30/16,731.64
BTC,11/29/16,731.12625
BTC,11/28/16,731.9
BTC,11/27/16,727.445
BTC,11/26/16,737.4025
BTC,11/25/16,730.3125
BTC,11/24/16,739.81875
BTC,11/23/16,745.97875
BTC,11/22/16,734.84
BTC,11/21/16,730.365
BTC,11/20/16,752.5525
BTC,11/19/16,748.8075
BTC,11/18/16,738.665
BTC,11/17/16,745.92625
BTC,11/16/16,710.9275
BTC,11/15/16,711.39625
BTC,11/14/16,704.62125
BTC,11/13/16,694.72125
BTC,11/12/16,715.7725
BTC,11/11/16,714.57125
BTC,11/10/16,719.2525
BTC,11/9/16,728.36125
BTC,11/8/16,706.13375
BTC,11/7/16,705.47125
BTC,11/6/16,705.47875
BTC,11/5/16,702.175
BTC,11/4/16,701.21875
BTC,11/3/16,741.84875
BTC,11/2/16,725.6925
BTC,11/1/16,708.955
BTC,10/31/16,693.89625
BTC,10/30/16,704.91
BTC,10/29/16,700.135
BTC,10/28/16,684.2975
BTC,10/27/16,684.3775
BTC,10/26/16,657.05625
BTC,10/25/16,652.235
BTC,10/24/16,647.69375
BTC,10/23/16,650.895
BTC,10/22/16,630.61875
BTC,10/21/16,629.61249
BTC,10/20/16,626.36875
BTC,10/19/16,634.605
BTC,10/18/16,637.01625
BTC,10/17/16,636.635
BTC,10/16/16,638.605
BTC,10/15/16,638.975
BTC,10/14/16,635.88375
BTC,10/13/16,637.73625
BTC,10/12/16,637.21624
BTC,10/11/16,618.3275
BTC,10/10/16,615.91625
BTC,10/9/16,614.59625
BTC,10/8/16,617.445
BTC,10/7/16,610.23375
BTC,10/6/16,610.57
BTC,10/5/16,608.125
BTC,10/4/16,609.495
BTC,10/3/16,611.88874
BTC,10/2/16,613.23749
BTC,10/1/16,610.58375
BTC,9/30/16,604.52125
BTC,9/29/16,603.58124
BTC,9/28/16,602.885
BTC,9/27/16,605.0175
BTC,9/26/16,598.9075
BTC,9/25/16,601.36875
BTC,9/24/16,602.4075
BTC,9/23/16,595.0175
BTC,9/22/16,596.225
BTC,9/21/16,595.93375
BTC,9/20/16,606.7175
BTC,9/19/16,609.37249
BTC,9/18/16,605.08
BTC,9/17/16,606.04625
BTC,9/16/16,605.52125
BTC,9/15/16,606.8975
BTC,9/14/16,606.885
BTC,9/13/16,607.03625
BTC,9/12/16,604.8275
BTC,9/11/16,622.03375
BTC,9/10/16,620.59875
BTC,9/9/16,623.6
BTC,9/8/16,613.67499
BTC,9/7/16,609.4325
BTC,9/6/16,604.465
BTC,9/5/16,606.0525
BTC,9/4/16,596.45375
BTC,9/3/16,572.52125
BTC,9/2/16,570.1
BTC,9/1/16,572.96
BTC,8/31/16,573.78125
BTC,8/30/16,571.94125
BTC,8/29/16,574.49749
BTC,8/28/16,568.78875
BTC,8/27/16,575.3425
BTC,8/26/16,575.0625
BTC,8/25/16,574.5825
BTC,8/24/16,577.98749
BTC,8/23/16,585.5075
BTC,8/22/16,579.6675
BTC,8/21/16,581.35375
BTC,8/20/16,573.08
BTC,8/19/16,573.01625
BTC,8/18/16,572.37249
BTC,8/17/16,575.54125
BTC,8/16/16,567.60749
BTC,8/15/16,571.9625
BTC,8/14/16,581.65
BTC,8/13/16,584.87375
BTC,8/12/16,581.9625
BTC,8/11/16,594.81625
BTC,8/10/16,585.23875
BTC,8/9/16,586.715
BTC,8/8/16,589.66125
BTC,8/7/16,588.51625
BTC,8/6/16,574.87375
BTC,8/5/16,570.33875
BTC,8/4/16,578.52374
BTC,8/3/16,555.926
BTC,8/2/16,601.227
BTC,8/1/16,621.37299
BTC,7/31/16,635.588
BTC,7/30/16,656.681
BTC,7/29/16,655.427
BTC,7/28/16,656.91599
BTC,7/27/16,650.82899
BTC,7/26/16,655.418
BTC,7/25/16,660.284
BTC,7/24/16,654.895
BTC,7/23/16,654.725
BTC,7/22/16,666.747
BTC,7/21/16,662.034
BTC,7/20/16,673.008
BTC,7/19/16,673.832
BTC,7/18/16,681.239
BTC,7/17/16,665.113
BTC,7/16/16,666.56499
BTC,7/15/16,663.638
BTC,7/14/16,654.018
BTC,7/13/16,663.443
BTC,7/12/16,648.136
BTC,7/11/16,656.747
BTC,7/10/16,649.356
BTC,7/9/16,654.85299
BTC,7/8/16,640.476
BTC,7/7/16,671.814
BTC,7/6/16,676.872
BTC,7/5/16,679.351
BTC,7/4/16,670.741
BTC,7/3/16,690.179
BTC,7/2/16,678.567
BTC,7/1/16,683.293
BTC,6/30/16,635.093
BTC,6/29/16,634.357
BTC,6/28/16,655.94399
BTC,6/27/16,644.091
BTC,6/26/16,657.22399
BTC,6/25/16,687.168
BTC,6/24/16,657.08999
BTC,6/23/16,581.249
BTC,6/22/16,657.013
BTC,6/21/16,702.696
BTC,6/20/16,758.903
BTC,6/19/16,747.831
BTC,6/18/16,736.386
BTC,6/17/16,773.25
BTC,6/16/16,732.357
BTC,6/15/16,685.442
BTC,6/14/16,695.155
BTC,6/13/16,682.226
BTC,6/12/16,633.205
BTC,6/11/16,583.87
BTC,6/10/16,574.953
BTC,6/9/16,580.43599
BTC,6/8/16,576.226
BTC,6/7/16,585.399
BTC,6/6/16,578.84899
BTC,6/5/16,579.343
BTC,6/4/16,571.139
BTC,6/3/16,537.185
BTC,6/2/16,538.568
BTC,6/1/16,528.04999
BTC,5/31/16,537.23299
BTC,5/30/16,529.917
BTC,5/29/16,516.051
BTC,5/28/16,489.847
BTC,5/27/16,467.262
BTC,5/26/16,448.278
BTC,5/25/16,447.035
BTC,5/24/16,444.489
BTC,5/23/16,440.551
BTC,5/22/16,442.892
BTC,5/21/16,442.953
BTC,5/20/16,440.231
BTC,5/19/16,453.494
BTC,5/18/16,454.064
BTC,5/17/16,454.278
BTC,5/16/16,457.64099
BTC,5/15/16,456.093
BTC,5/14/16,456.039
BTC,5/13/16,453.701
BTC,5/12/16,451.155
BTC,5/11/16,454.39399
BTC,5/10/16,460.954
BTC,5/9/16,458.708
BTC,5/8/16,459.937
BTC,5/7/16,458.864
BTC,5/6/16,447.58599
BTC,5/5/16,447.73999
BTC,5/4/16,449.157
BTC,5/3/16,443.681
BTC,5/2/16,453.067
BTC,5/1/16,449.108
BTC,4/30/16,454.375
BTC,4/29/16,446.236
BTC,4/28/16,441.304
BTC,4/27/16,466.064
BTC,4/26/16,464.429
BTC,4/25/16,458.626
BTC,4/24/16,455.152
BTC,4/23/16,447.233
BTC,4/22/16,446.776
BTC,4/21/16,443.758
BTC,4/20/16,435.926
BTC,4/19/16,428.522
BTC,4/18/16,429.318
BTC,4/17/16,430.453
BTC,4/16/16,429.775
BTC,4/15/16,426.279
BTC,4/14/16,425.494
BTC,4/13/16,426.84399
BTC,4/12/16,426.383
BTC,4/11/16,421.192
BTC,4/10/16,418.078
BTC,4/9/16,415.751
BTC,4/8/16,421.616
BTC,4/7/16,420.553
BTC,4/6/16,422.29499
BTC,4/5/16,422.044
BTC,4/4/16,418.593
BTC,4/3/16,418.93999
BTC,4/2/16,418.785
BTC,4/1/16,416.012
BTC,3/31/16,414.458
BTC,3/30/16,414.613
BTC,3/29/16,423.597
BTC,3/28/16,424.297
BTC,3/27/16,416.233
BTC,3/26/16,416.851
BTC,3/25/16,414.75699
BTC,3/24/16,415.837
BTC,3/23/16,417.318
BTC,3/22/16,415.125
BTC,3/21/16,407.496
BTC,3/20/16,409.24
BTC,3/19/16,407.473
BTC,3/18/16,417.154
BTC,3/17/16,417.138
BTC,3/16/16,414.167
BTC,3/15/16,416.034
BTC,3/14/16,414.208
BTC,3/13/16,411.637
BTC,3/12/16,415.04
BTC,3/11/16,416.708
BTC,3/10/16,411.672
BTC,3/9/16,410.739
BTC,3/8/16,414.213
BTC,3/7/16,407.276
BTC,3/6/16,397.883
BTC,3/5/16,407.722
BTC,3/4/16,421.597
BTC,3/3/16,419.254
BTC,3/2/16,434.001
BTC,3/1/16,436.426
BTC,2/29/16,438.28
BTC,2/28/16,425.502
BTC,2/27/16,433.401
BTC,2/26/16,421.244
BTC,2/25/16,422.617
BTC,2/24/16,419.896
BTC,2/23/16,438.745
BTC,2/22/16,436.14
BTC,2/21/16,439.61
BTC,2/20/16,422.054
BTC,2/19/16,421.956
BTC,2/18/16,417.492
BTC,2/17/16,407.017
BTC,2/16/16,401.663
BTC,2/15/16,405.621
BTC,2/14/16,397.23
BTC,2/13/16,388.87
BTC,2/12/16,378.576
BTC,2/11/16,379.186
BTC,2/10/16,374.764
BTC,2/9/16,372.434
BTC,2/8/16,376.924
BTC,2/7/16,376.44
BTC,2/6/16,377.889
BTC,2/5/16,386.954
BTC,2/4/16,370.433
BTC,2/3/16,372.762
BTC,2/2/16,372.453
BTC,2/1/16,372.157
BTC,1/31/16,378.174
BTC,1/30/16,376.952
BTC,1/29/16,369.133
BTC,1/28/16,381.356
BTC,1/27/16,392.389
BTC,1/26/16,390.715
BTC,1/25/16,397.885
BTC,1/24/16,388.538
BTC,1/23/16,388.219
BTC,1/22/16,403.271
BTC,1/21/16,417.439
BTC,1/20/16,378.775
BTC,1/19/16,382.738
BTC,1/18/16,380.817
BTC,1/17/16,383.138
BTC,1/16/16,372.737
BTC,1/15/16,416.29
BTC,1/14/16,431.41
BTC,1/13/16,431.156
BTC,1/12/16,446.614
BTC,1/11/16,450.312
BTC,1/10/16,445.327
BTC,1/9/16,452.368
BTC,1/8/16,457.168
BTC,1/7/16,441.021
BTC,1/6/16,427.164
BTC,1/5/16,433.732
BTC,1/4/16,431.691
BTC,1/3/16,431.985
BTC,1/2/16,433.773
BTC,1/1/16,432.358
BTC,12/31/15,424.962
BTC,12/30/15,431.029
BTC,12/29/15,422.741
BTC,12/28/15,427.817
BTC,12/27/15,419.338
BTC,12/26/15,447.606
BTC,12/25/15,455.743
BTC,12/24/15,456.572
BTC,12/23/15,437.994
BTC,12/22/15,438.276
BTC,12/21/15,435.64099
BTC,12/20/15,460.238
BTC,12/19/15,464.218
BTC,12/18/15,456.425
BTC,12/17/15,451.102
BTC,12/16/15,445.805
BTC,12/15/15,453.676
BTC,12/14/15,437.021
BTC,12/13/15,435.091
BTC,12/12/15,467.831
BTC,12/11/15,421.813
BTC,12/10/15,415.076
BTC,12/9/15,421.424
BTC,12/8/15,395.59299
BTC,12/7/15,391.618
BTC,12/6/15,394.861
BTC,12/5/15,369.956
BTC,12/4/15,358.443
BTC,12/3/15,366.788
BTC,12/2/15,352.128
BTC,12/1/15,377.798
BTC,11/30/15,375.204
BTC,11/29/15,356.806
BTC,11/28/15,354.954
BTC,11/27/15,349.138
BTC,11/26/15,332.471
BTC,11/25/15,318.337
BTC,11/24/15,320.993
BTC,11/23/15,322.606
BTC,11/22/15,326.365
BTC,11/21/15,321.482
BTC,11/20/15,315.63099
BTC,11/19/15,334.02499
BTC,11/18/15,333.33299
BTC,11/17/15,337.759
BTC,11/16/15,320.06
BTC,11/15/15,333.951
BTC,11/14/15,334.125
BTC,11/13/15,337.893
BTC,11/12/15,320.036
BTC,11/11/15,311.702
BTC,11/10/15,376.948
BTC,11/9/15,370.652
BTC,11/8/15,387.775
BTC,11/7/15,377.64099
BTC,11/6/15,359.586
BTC,11/5/15,434.31683
BTC,11/4/15,432.46133
BTC,11/3/15,369.51133
BTC,11/2/15,325.64666
BTC,11/1/15,311.70274
BTC,10/31/15,327.58425
BTC,10/30/15,326.55691
BTC,10/29/15,304.32691
BTC,10/28/15,300.53566
BTC,10/27/15,287.83091
BTC,10/26/15,284.286
BTC,10/25/15,286.86941
BTC,10/24/15,279.97908
BTC,10/23/15,274.25325
BTC,10/22/15,267.46908
BTC,10/21/15,270.49541
BTC,10/20/15,264.92575
BTC,10/19/15,264.98625
BTC,10/18/15,270.04041
BTC,10/17/15,267.53983
BTC,10/16/15,255.72741
BTC,10/15/15,254.64216
BTC,10/14/15,249.45908
BTC,10/13/15,244.57641
BTC,10/12/15,247.65041
BTC,10/11/15,245.07
BTC,10/10/15,244.96533
BTC,10/9/15,243.25675
BTC,10/8/15,244.49816
BTC,10/7/15,246.49633
BTC,10/6/15,240.63075
BTC,10/5/15,238.82433
BTC,10/4/15,238.99883
BTC,10/3/15,237.63516
BTC,10/2/15,238.06358
BTC,10/1/15,237.15191
BTC,9/30/15,238.06125
BTC,9/29/15,238.56625
BTC,9/28/15,237.21116
BTC,9/27/15,234.32908
BTC,9/26/15,234.92466
BTC,9/25/15,233.74475
BTC,9/24/15,231.09508
BTC,9/23/15,231.30983
BTC,9/22/15,227.79358
BTC,9/21/15,230.75433
BTC,9/20/15,231.33733
BTC,9/19/15,232.50008
BTC,9/18/15,233.2385
BTC,9/17/15,229.58975
BTC,9/16/15,230.98066
BTC,9/15/15,230.51091
BTC,9/14/15,229.15808
BTC,9/13/15,235.053
BTC,9/12/15,239.81675
BTC,9/11/15,240.56366
BTC,9/10/15,237.99466
BTC,9/9/15,244.31383
BTC,9/8/15,242.01891
BTC,9/7/15,239.88
BTC,9/6/15,240.70116
BTC,9/5/15,229.66691
BTC,9/4/15,227.14741
BTC,9/3/15,228.35299
BTC,9/2/15,226.28841
BTC,9/1/15,229.02966
BTC,8/31/15,227.18083
BTC,8/30/15,230.58541
BTC,8/29/15,230.93575
BTC,8/28/15,224.18875
BTC,8/27/15,224.53608
BTC,8/26/15,219.81583
BTC,8/25/15,203.18133
BTC,8/24/15,227.23233
BTC,8/23/15,231.21275
BTC,8/22/15,233.03691
BTC,8/21/15,234.56375
BTC,8/20/15,232.06483
BTC,8/19/15,230.38424
BTC,8/18/15,256.44841
BTC,8/17/15,258.0065
BTC,8/16/15,261.20058
BTC,8/15/15,265.3955
BTC,8/14/15,262.01758
BTC,8/13/15,264.14299
BTC,8/12/15,270.22325
BTC,8/11/15,264.87516
BTC,8/10/15,265.0825
BTC,8/9/15,261.75225
BTC,8/8/15,278.2765
BTC,8/7/15,275.92866
BTC,8/6/15,280.9375
BTC,8/5/15,284.24366
BTC,8/4/15,283.49091
BTC,8/3/15,279.48591
BTC,8/2/15,278.68258
BTC,8/1/15,282.33741
BTC,7/31/15,286.74491
BTC,7/30/15,288.61658
BTC,7/29/15,292.99425
BTC,7/28/15,293.15058
BTC,7/27/15,291.20091
BTC,7/26/15,287.83983
BTC,7/25/15,287.55583
BTC,7/24/15,276.24491
BTC,7/23/15,276.2095
BTC,7/22/15,274.87242
BTC,7/21/15,279.45925
BTC,7/20/15,274.28387
BTC,7/19/15,275.30687
BTC,7/18/15,278.33337
BTC,7/17/15,276.97924
BTC,7/16/15,287.55762
BTC,7/15/15,288.48787
BTC,7/14/15,290.93137
BTC,7/13/15,304.9905
BTC,7/12/15,301.03837
BTC,7/11/15,286.53662
BTC,7/10/15,269.24925
BTC,7/9/15,267.943
BTC,7/8/15,264.356
BTC,7/7/15,270.07587
BTC,7/6/15,267.60762
BTC,7/5/15,261.42899
BTC,7/4/15,253.87887
BTC,7/3/15,255.52675
BTC,7/2/15,259.62937
BTC,7/1/15,261.71749
BTC,6/30/15,258.38549
BTC,6/29/15,249.42725
BTC,6/28/15,250.382
BTC,6/27/15,242.28812
BTC,6/26/15,242.31912
BTC,6/25/15,240.9204
BTC,6/24/15,243.371
BTC,6/23/15,247.1273
BTC,6/22/15,244.9588
BTC,6/21/15,244.15625
BTC,6/20/15,240.7897
BTC,6/19/15,249.0733
BTC,6/18/15,247.2359
BTC,6/17/15,248.7435
BTC,6/16/15,237.39899
BTC,6/15/15,234.7473
BTC,6/14/15,233.1445
BTC,6/13/15,230.6695
BTC,6/12/15,229.9082
BTC,6/11/15,229.9599
BTC,6/10/15,229.2025
BTC,6/9/15,228.1884
BTC,6/8/15,223.69459
BTC,6/7/15,225.8403
BTC,6/6/15,224.2525
BTC,6/5/15,223.9665
BTC,6/4/15,225.444
BTC,6/3/15,226.6168
BTC,6/2/15,223.415
BTC,6/1/15,230.8331
BTC,5/31/15,233.3328
BTC,5/30/15,236.1404
BTC,5/29/15,237.2277
BTC,5/28/15,237.6708
BTC,5/27/15,237.1844
BTC,5/26/15,237.6588
BTC,5/25/15,240.9415
BTC,5/24/15,239.7985
BTC,5/23/15,240.1588
BTC,5/22/15,235.86329
BTC,5/21/15,234.204
BTC,5/20/15,232.7193
BTC,5/19/15,233.3119
BTC,5/18/15,236.2319
BTC,5/17/15,236.339
BTC,5/16/15,236.657
BTC,5/15/15,237.5737
BTC,5/14/15,235.5478
BTC,5/13/15,241.3529
BTC,5/12/15,240.00079
BTC,5/11/15,239.4036
BTC,5/10/15,241.516
BTC,5/9/15,244.6989
BTC,5/8/15,237.059
BTC,5/7/15,230.4207
BTC,5/6/15,235.6017
BTC,5/5/15,235.6033
BTC,5/4/15,240.3646
BTC,5/3/15,236.2378
BTC,5/2/15,233.8511
BTC,5/1/15,236.6827
BTC,4/30/15,225.9976
BTC,4/29/15,225.3545
BTC,4/28/15,227.3867
BTC,4/27/15,219.19029
BTC,4/26/15,219.94549
BTC,4/25/15,228.92379
BTC,4/24/15,233.40079
BTC,4/23/15,234.15749
BTC,4/22/15,235.50369
BTC,4/21/15,224.9815
BTC,4/20/15,223.9214
BTC,4/19/15,223.4062
BTC,4/18/15,223.317
BTC,4/17/15,227.9255
BTC,4/16/15,226.0171
BTC,4/15/15,220.9126
BTC,4/14/15,222.6009
BTC,4/13/15,235.522
BTC,4/12/15,236.5542
BTC,4/11/15,236.4388
BTC,4/10/15,240.9478
BTC,4/9/15,244.0449
BTC,4/8/15,252.8629
BTC,4/7/15,252.0909
BTC,4/6/15,260.3589
BTC,4/5/15,252.0256
BTC,4/4/15,253.4334
BTC,4/3/15,252.0578
BTC,4/2/15,246.96
BTC,4/1/15,243.3028
BTC,3/31/15,247.2639
BTC,3/30/15,245.1133
BTC,3/29/15,246.728
BTC,3/28/15,248.4467
BTC,3/27/15,246.5497
BTC,3/26/15,245.6489
BTC,3/25/15,246.6733
BTC,3/24/15,265.273
BTC,3/23/15,267.5549
BTC,3/22/15,259.3943
BTC,3/21/15,259.913
BTC,3/20/15,263.4741
BTC,3/19/15,252.44789
BTC,3/18/15,283.7507
BTC,3/17/15,290.542
BTC,3/16/15,290.61579
BTC,3/15/15,283.0809
BTC,3/14/15,282.644
BTC,3/13/15,293.224
BTC,3/12/15,292.8678
BTC,3/11/15,289.7149
BTC,3/10/15,294.1886
BTC,3/9/15,277.98519
BTC,3/8/15,276.72789
BTC,3/7/15,270.86109
BTC,3/6/15,274.8977
BTC,3/5/15,269.2606
BTC,3/4/15,278.1172
BTC,3/3/15,270.7625
BTC,3/2/15,258.8485
BTC,3/1/15,251.9314
BTC,2/28/15,251.03416
BTC,2/27/15,251.28908
BTC,2/26/15,235.67716
BTC,2/25/15,238.15225
BTC,2/24/15,238.93183
BTC,2/23/15,235.14141
BTC,2/22/15,245.145
BTC,2/21/15,245.70566
BTC,2/20/15,241.07183
BTC,2/19/15,237.1035
BTC,2/18/15,242.93183
BTC,2/17/15,235.71275
BTC,2/16/15,230.1355
BTC,2/15/15,256.21758
BTC,2/14/15,237.65716
BTC,2/13/15,223.96716
BTC,2/12/15,218.72833
BTC,2/11/15,223.00366
BTC,2/10/15,220.16725
BTC,2/9/15,222.78408
BTC,2/8/15,225.73291
BTC,2/7/15,225.46666
BTC,2/6/15,219.75625
BTC,2/5/15,226.554
BTC,2/4/15,225.83858
BTC,2/3/15,237.65175
BTC,2/2/15,229.80441
BTC,2/1/15,216.66066
BTC,1/31/15,226.94116
BTC,1/30/15,233.141
BTC,1/29/15,235.948
BTC,1/28/15,257.447
BTC,1/27/15,258.5374
BTC,1/26/15,283.59769
BTC,1/25/15,251.606
BTC,1/24/15,231.4242
BTC,1/23/15,226.30419
BTC,1/22/15,230.6754
BTC,1/21/15,212.28249
BTC,1/20/15,211.5401
BTC,1/19/15,212.2711
BTC,1/18/15,195.59467
BTC,1/17/15,209.1655
BTC,1/16/15,220.5745
BTC,1/15/15,193.3511
BTC,1/14/15,219.128
BTC,1/13/15,243.081
BTC,1/12/15,268.10199
BTC,1/11/15,277.64999
BTC,1/10/15,286.688
BTC,1/9/15,281.03625
BTC,1/8/15,290.485
BTC,1/7/15,283.84125
BTC,1/6/15,272.0175
BTC,1/5/15,270.813
BTC,1/4/15,277.853
BTC,1/3/15,311.14099
BTC,1/2/15,314.49899
BTC,1/1/15,317.204
BTC,12/31/14,309.903
BTC,12/30/14,313.994
BTC,12/29/14,315.64
BTC,12/28/14,316.009
BTC,12/27/14,320.868
BTC,12/26/14,318.563
BTC,12/25/14,321.386
BTC,12/24/14,332.053
BTC,12/23/14,328.701
BTC,12/22/14,320.03499
BTC,12/21/14,321.89299
BTC,12/20/14,319.196
BTC,12/19/14,306.45999
BTC,12/18/14,317.405
BTC,12/17/14,330.536
BTC,12/16/14,338.547
BTC,12/15/14,348.674
BTC,12/14/14,347.348
BTC,12/13/14,346.742
BTC,12/12/14,348.272
BTC,12/11/14,341.041
BTC,12/10/14,348.898
BTC,12/9/14,357.884
BTC,12/8/14,373.155
BTC,12/7/14,373.744
BTC,12/6/14,373.414
BTC,12/5/14,368.3618
BTC,12/4/14,376.382
BTC,12/3/14,382.452
BTC,12/2/14,377.862
BTC,12/1/14,376.13218
BTC,11/30/14,376.851
BTC,11/29/14,375.44
BTC,11/28/14,368.983
BTC,11/27/14,372.819
BTC,11/26/14,375.498
BTC,11/25/14,381.20666
BTC,11/24/14,367.83
BTC,11/23/14,356.8
BTC,11/22/14,352.42
BTC,11/21/14,348.565
BTC,11/20/14,376.16
BTC,11/19/14,375.83333
BTC,11/18/14,384.93
BTC,11/17/14,400.47166
BTC,11/16/14,377.08
BTC,11/15/14,394.92666
BTC,11/14/14,389.00333
BTC,11/13/14,442.10666
BTC,11/12/14,376.99666
BTC,11/11/14,368.07666
BTC,11/10/14,358.50166
BTC,11/9/14,343.065
BTC,11/8/14,344.81166
BTC,11/7/14,346.775
BTC,11/6/14,336.585
BTC,11/5/14,332.45666
BTC,11/4/14,324.71833
BTC,11/3/14,331.60083
BTC,11/2/14,325.22633
BTC,11/1/14,338.0105
BTC,10/31/14,343.55875
BTC,10/30/14,335.53625
BTC,10/29/14,348.9025
BTC,10/28/14,349.79625
BTC,10/27/14,350.9775
BTC,10/26/14,345.1925
BTC,10/25/14,353.6325
BTC,10/24/14,351.7825
BTC,10/23/14,376.59
BTC,10/22/14,382.93875
BTC,10/21/14,380.0575
BTC,10/20/14,381.72375
BTC,10/19/14,390.95875
BTC,10/18/14,378.675
BTC,10/17/14,376.26875
BTC,10/16/14,392.56625
BTC,10/15/14,396.34625
BTC,10/14/14,392.7825
BTC,10/13/14,371.15625
BTC,10/12/14,356.99875
BTC,10/11/14,359.2025
BTC,10/10/14,368.59625
BTC,10/9/14,351.34625
BTC,10/8/14,326.2325
BTC,10/7/14,337.23375
BTC,10/6/14,308.07875
BTC,10/5/14,335.98125
BTC,10/4/14,360.7525
BTC,10/3/14,372.0575
BTC,10/2/14,381.7475
BTC,10/1/14,387.94
BTC,9/30/14,376.08375
BTC,9/29/14,377.97875
BTC,9/28/14,398.84
BTC,9/27/14,403.4975
BTC,9/26/14,410.15
BTC,9/25/14,416.12
BTC,9/24/14,427.8125
BTC,9/23/14,399.5025
BTC,9/22/14,399.0975
BTC,9/21/14,405.79625
BTC,9/20/14,410.08
BTC,9/19/14,425.4475
BTC,9/18/14,449.95875
BTC,9/17/14,464.55375
BTC,9/16/14,471.08375
BTC,9/15/14,475.02125
BTC,9/14/14,475.37875
BTC,9/13/14,471.5325
BTC,9/12/14,473.6725
BTC,9/11/14,479.4175
BTC,9/10/14,474.29125
BTC,9/9/14,468.5775
BTC,9/8/14,473.58625
BTC,9/7/14,481.88375
BTC,9/6/14,480.9075
BTC,9/5/14,485.65125
BTC,9/4/14,475.65
BTC,9/3/14,476.88375
BTC,9/2/14,477.98375
BTC,9/1/14,474.5425
BTC,8/31/14,502.055
BTC,8/30/14,504.70625
BTC,8/29/14,506.025
BTC,8/28/14,514.62375
BTC,8/27/14,513.39125
BTC,8/26/14,504.62625
BTC,8/25/14,503.32125
BTC,8/24/14,501.63125
BTC,8/23/14,507.51
BTC,8/22/14,508.12875
BTC,8/21/14,519.015
BTC,8/20/14,472.91
BTC,8/19/14,455.91625
BTC,8/18/14,489.4675
BTC,8/17/14,516.62625
BTC,8/16/14,487.56625
BTC,8/15/14,511.4725
BTC,8/14/14,534.54
BTC,8/13/14,565.55125
BTC,8/12/14,566.31625
BTC,8/11/14,588.7525
BTC,8/10/14,586.05875
BTC,8/9/14,585.39625
BTC,8/8/14,595.80875
BTC,8/7/14,583.62375
BTC,8/6/14,582.52125
BTC,8/5/14,582.33375
BTC,8/4/14,585.80125
BTC,8/3/14,581.52
BTC,8/2/14,593.80625
BTC,8/1/14,583.39
BTC,7/31/14,564.57
BTC,7/30/14,580.5175
BTC,7/29/14,585.44875
BTC,7/28/14,580.11
BTC,7/27/14,592.96375
BTC,7/26/14,597.585
BTC,7/25/14,602.93125
BTC,7/24/14,617.6875
BTC,7/23/14,618.4475
BTC,7/22/14,622.10749
BTC,7/21/14,617.96124
BTC,7/20/14,623.00625
BTC,7/19/14,623.99625
BTC,7/18/14,623.49749
BTC,7/17/14,614.68875
BTC,7/16/14,619.8075
BTC,7/15/14,618.73875
BTC,7/14/14,621.42499
BTC,7/13/14,627.69
BTC,7/12/14,634.35749
BTC,7/11/14,616.83124
BTC,7/10/14,621.3075
BTC,7/9/14,620.72
BTC,7/8/14,621.24249
BTC,7/7/14,631.29875
BTC,7/6/14,631.03
BTC,7/5/14,628.41625
BTC,7/4/14,643.95124
BTC,7/3/14,642.65125
BTC,7/2/14,637.85625
BTC,7/1/14,647.12249
BTC,6/30/14,597.51333
BTC,6/29/14,598.73333
BTC,6/28/14,597.66833
BTC,6/27/14,582.43166
BTC,6/26/14,571.76666
BTC,6/25/14,575.905
BTC,6/24/14,584.64166
BTC,6/23/14,592.405
BTC,6/22/14,599.57
BTC,6/21/14,582.04499
BTC,6/20/14,594.09333
BTC,6/19/14,601.88666
BTC,6/18/14,610.41333
BTC,6/17/14,592.25666
BTC,6/16/14,589.06666
BTC,6/15/14,570.28833
BTC,6/14/14,588.52333
BTC,6/13/14,585.48333
BTC,6/12/14,632.55
BTC,6/11/14,642.00666
BTC,6/10/14,644.085
BTC,6/9/14,652.11
BTC,6/8/14,652.59166
BTC,6/7/14,648.60166
BTC,6/6/14,652.52666
BTC,6/5/14,642.89166
BTC,6/4/14,627.79833
BTC,6/3/14,660.24666
BTC,6/2/14,634.98333
BTC,6/1/14,638.16333
BTC,5/31/14,612.12666
BTC,5/30/14,571.845
BTC,5/29/14,562.4
BTC,5/28/14,572.44833
BTC,5/27/14,581.51
BTC,5/26/14,579.59333
BTC,5/25/14,533.92999
BTC,5/24/14,512.30833
BTC,5/23/14,522.31
BTC,5/22/14,490.18666
BTC,5/21/14,489.86999
BTC,5/20/14,455.65333
BTC,5/19/14,444.73833
BTC,5/18/14,445.15666
BTC,5/17/14,445.60666
BTC,5/16/14,443.18
BTC,5/15/14,445.045
BTC,5/14/14,438.88
BTC,5/13/14,437
BTC,5/12/14,434.27
BTC,5/11/14,449.74166
BTC,5/10/14,449.04333
BTC,5/9/14,439.04
BTC,5/8/14,442.57666
BTC,5/7/14,428.42593
BTC,5/6/14,418.61831
BTC,5/5/14,432.78748
BTC,5/4/14,438.29035
BTC,5/3/14,441.97833
BTC,5/2/14,453.59833
BTC,5/1/14,454.55666
BTC,4/30/14,444.85668
BTC,4/29/14,432.60498
BTC,4/28/14,426.78166
BTC,4/27/14,452.14829
BTC,4/26/14,448.77834
BTC,4/25/14,469.08816
BTC,4/24/14,487.11333
BTC,4/23/14,487.84
BTC,4/22/14,497.65001
BTC,4/21/14,505.09665
BTC,4/20/14,507.80663
BTC,4/19/14,469.38332
BTC,4/18/14,490.8785
BTC,4/17/14,522.455
BTC,4/16/14,517.09666
BTC,4/15/14,455.28316
BTC,4/14/14,409.03166
BTC,4/13/14,423.51566
BTC,4/12/14,438.24666
BTC,4/11/14,374.59166
BTC,4/10/14,426.98333
BTC,4/9/14,450.48083
BTC,4/8/14,452.81
BTC,4/7/14,456.46948
BTC,4/6/14,462.445
BTC,4/5/14,453.87148
BTC,4/4/14,432.99716
BTC,4/3/14,427.87498
BTC,4/2/14,480.16581
BTC,4/1/14,464.88
BTC,3/31/14,472.4783
BTC,3/30/14,486.80845
BTC,3/29/14,499.24998
BTC,3/28/14,509.70665
BTC,3/27/14,570.54833
BTC,3/26/14,572.49161
BTC,3/25/14,573.34998
BTC,3/24/14,557.16833
BTC,3/23/14,562.95333
BTC,3/22/14,570.36168
BTC,3/21/14,581.33333
BTC,3/20/14,601.015
BTC,3/19/14,616.86665
BTC,3/18/14,617.24333
BTC,3/17/14,630.34833
BTC,3/16/14,632.95333
BTC,3/15/14,628.18751
BTC,3/14/14,636.41414
BTC,3/13/14,631.755
BTC,3/12/14,633.74749
BTC,3/11/14,626
BTC,3/10/14,637.615
BTC,3/9/14,611.1625
BTC,3/8/14,612.33
BTC,3/7/14,651.285
BTC,3/6/14,662.0225
BTC,3/5/14,660.84
BTC,3/4/14,666.1475
BTC,3/3/14,567.7
BTC,3/2/14,560.195
BTC,3/1/14,551.73
BTC,2/28/14,567.2925
BTC,2/27/14,573.1025
BTC,2/26/14,550.6025
BTC,2/25/14,501.155
BTC,2/24/14,572.7675
BTC,2/23/14,622.22
BTC,2/22/14,561.535
BTC,2/21/14,545.7625
BTC,2/20/14,619.8425
BTC,2/19/14,618.79
BTC,2/18/14,634.99
BTC,2/17/14,611.04499
BTC,2/16/14,656.2725
BTC,2/15/14,641.91
BTC,2/14/14,578.4125
BTC,2/13/14,645.615
BTC,2/12/14,665.7975
BTC,2/11/14,694.3125
BTC,2/10/14,700.44843
BTC,2/9/14,668.86463
BTC,2/8/14,692.66914
BTC,2/7/14,748.43559
BTC,2/6/14,802.75333
BTC,2/5/14,844.28836
BTC,2/4/14,847.70697
BTC,2/3/14,856.03366
BTC,2/2/14,854.7225
BTC,2/1/14,847.36383
BTC,1/31/14,841.48914
BTC,1/30/14,832.87399
BTC,1/29/14,832.89496
BTC,1/28/14,830.53133
BTC,1/27/14,887.08337
BTC,1/26/14,858.12641
BTC,1/25/14,834.57416
BTC,1/24/14,838.14997
BTC,1/23/14,864.56116
BTC,1/22/14,874.13266
BTC,1/21/14,873.28916
BTC,1/20/14,881.87583
BTC,1/19/14,838.42916
BTC,1/18/14,834.86666
BTC,1/17/14,842.19173
BTC,1/16/14,874.07416
BTC,1/15/14,853.25666
BTC,1/14/14,863.69888
BTC,1/13/14,873.27168
BTC,1/12/14,916.69666
BTC,1/11/14,892.26115
BTC,1/10/14,847.5325
BTC,1/9/14,860.84166
BTC,1/8/14,855.75933
BTC,1/7/14,962.46447
BTC,1/6/14,970.65083
BTC,1/5/14,871.11583
BTC,1/4/14,813.31748
BTC,1/3/14,804.02719
BTC,1/2/14,769.09849
BTC,1/1/14,768.40783
BTC,12/31/13,744.17249
BTC,12/30/13,752.82022
BTC,12/29/13,717.92623
BTC,12/28/13,734.01166
BTC,12/27/13,758.01016
BTC,12/26/13,702.00083
BTC,12/25/13,659.84333
BTC,12/24/13,671.58116
BTC,12/23/13,647.68316
BTC,12/22/13,595.95883
BTC,12/21/13,649.38965
BTC,12/20/13,693.05883
BTC,12/19/13,553.69166
BTC,12/18/13,654.06266
BTC,12/17/13,653.80483
BTC,12/16/13,868.95316
BTC,12/15/13,848.9975
BTC,12/14/13,889.81946
BTC,12/13/13,911.23204
BTC,12/12/13,866.29003
BTC,12/11/13,967.42866
BTC,12/10/13,916.77599
BTC,12/9/13,841.83966
BTC,12/8/13,689.81
BTC,12/7/13,759.43041
BTC,12/6/13,1004.61633
BTC,12/5/13,1139.33083
BTC,12/4/13,1071.2848
BTC,12/3/13,1028.845
BTC,12/2/13,1019.78966
BTC,12/1/13,1099.51926
BTC,11/30/13,1154.92593
BTC,11/29/13,1068.363
BTC,11/28/13,934.355
BTC,11/27/13,893.1815
BTC,11/26/13,789.36475
BTC,11/25/13,768.8475
BTC,11/24/13,746.19374
BTC,11/23/13,774.18
BTC,11/22/13,681.33
BTC,11/21/13,574.71599
BTC,11/20/13,531.54249
BTC,11/19/13,693.65
BTC,11/18/13,510.6025
BTC,11/17/13,437.29725
BTC,11/16/13,420.21649
BTC,11/15/13,409.10375
BTC,11/14/13,402.954
BTC,11/13/13,357.48
BTC,11/12/13,338.137
BTC,11/11/13,304.97974
BTC,11/10/13,285.8875
BTC,11/9/13,331.10325
BTC,11/8/13,294.48699
BTC,11/7/13,262.32666
BTC,11/6/13,248.25333
BTC,11/5/13,225.02
BTC,11/4/13,210.3075
BTC,11/3/13,200.543
BTC,11/2/13,198.93233
BTC,11/1/13,198.04883
BTC,10/31/13,196.02499
BTC,10/30/13,197.4
BTC,10/29/13,192.75666
BTC,10/28/13,187.15983
BTC,10/27/13,177.6965
BTC,10/26/13,175.03166
BTC,10/25/13,180.355
BTC,10/24/13,200.70166
BTC,10/23/13,188.29716
BTC,10/22/13,177.63333
BTC,10/21/13,164.31499
BTC,10/20/13,160.33883
BTC,10/19/13,152.55183
BTC,10/18/13,142.95166
BTC,10/17/13,137.92333
BTC,10/16/13,142.76333
BTC,10/15/13,133.20333
BTC,10/14/13,135.24199
BTC,10/13/13,126.38333
BTC,10/12/13,125.9275
BTC,10/11/13,125.27966
BTC,10/10/13,125.96116
BTC,10/9/13,124.049
BTC,10/8/13,123.033
BTC,10/7/13,121.795
BTC,10/6/13,120.65533
BTC,10/5/13,121.33866
BTC,10/4/13,118.67466
BTC,10/3/13,108.58483
BTC,10/2/13,125.455
BTC,10/1/13,123.65499