,date,value
8,12/30/19,1514.75
9,12/27/19,1511.5
10,12/24/19,
11,12/23/19,1482.1
12,12/20/19,1479
13,12/19/19,1476.7
14,12/18/19,1474.05
15,12/17/19,1475.8
16,12/16/19,1477.9
17,12/13/19,1466.6
18,12/12/19,1467.8
19,12/11/19,1466.8
20,12/10/19,1464.95
21,12/9/19,1461.7
22,12/6/19,1459.65
23,12/5/19,1475.95
24,12/4/19,1475.1
25,12/3/19,1477.3
26,12/2/19,1461.15
27,11/29/19,1460.15
28,11/28/19,1454.65
29,11/27/19,1454.35
30,11/26/19,1454.65
31,11/25/19,1458.4
32,11/22/19,1464.45
33,11/21/19,1467.05
34,11/20/19,1471.7
35,11/19/19,1468.45
36,11/18/19,1467.65
37,11/15/19,1466.9
38,11/14/19,1466.65
39,11/13/19,1462.9
40,11/12/19,1452.05
41,11/11/19,1458.7
42,11/8/19,1464.15
43,11/7/19,1484.25
44,11/6/19,1486.05
45,11/5/19,1488.95
46,11/4/19,1509.45
47,11/1/19,1508.8
48,10/31/19,1510.95
49,10/30/19,1492.1
50,10/29/19,1486.75
51,10/28/19,1492.4
52,10/25/19,1513.45
53,10/24/19,1496.55
54,10/23/19,1494.45
55,10/22/19,1485.35
56,10/21/19,1491.65
57,10/18/19,1490
58,10/17/19,1492.65
59,10/16/19,1485.1
60,10/15/19,1487.8
61,10/14/19,1490.6
62,10/11/19,1479.15
63,10/10/19,1494.8
64,10/9/19,1507.25
65,10/8/19,1505.85
66,10/7/19,1501.25
67,10/4/19,1499.15
68,10/3/19,1517.1
69,10/2/19,1492.6
70,10/1/19,1473.45
71,9/30/19,1485.3
72,9/27/19,1489.9
73,9/26/19,1506.4
74,9/25/19,1528.75
75,9/24/19,1520.65
76,9/23/19,1522.1
77,9/20/19,1501.9
78,9/19/19,1500.7
79,9/18/19,1503.5
80,9/17/19,1502.1
81,9/16/19,1497.2
82,9/13/19,1503.1
83,9/12/19,1515.2
84,9/11/19,1490.65
85,9/10/19,1498.25
86,9/9/19,1509.2
87,9/6/19,1523.7
88,9/5/19,1529.1
89,9/4/19,1546.1
90,9/3/19,1537.85
91,9/2/19,1525.95
92,8/30/19,1528.4
93,8/29/19,1540.2
94,8/28/19,1537.15
95,8/27/19,1532.95
96,8/23/19,1503.8
97,8/22/19,1502.05
98,8/21/19,1503.25
99,8/20/19,1504.55
100,8/19/19,1496.6
101,8/16/19,1515.25
102,8/15/19,1515.65
103,8/14/19,1513.25
104,8/13/19,1498.4
105,8/12/19,1504.7
106,8/9/19,1497.7
107,8/8/19,1495.75
108,8/7/19,1506.05
109,8/6/19,1465.25
110,8/5/19,1465.25
111,8/2/19,1441.75
112,8/1/19,1406.8
113,7/31/19,1427.55
114,7/30/19,1425.9
115,7/29/19,1419.05
116,7/26/19,1420.4
117,7/25/19,1416.1
118,7/24/19,1426.95
119,7/23/19,1425.55
120,7/22/19,1427.75
121,7/19/19,1439.7
122,7/18/19,1417.45
123,7/17/19,1410.35
124,7/16/19,1409.85
125,7/15/19,1412.4
126,7/12/19,1407.6
127,7/11/19,1413.75
128,7/10/19,1408.3
129,7/9/19,1391.55
130,7/8/19,1400.1
131,7/5/19,1388.65
132,7/4/19,1414.9
133,7/3/19,1413.5
134,7/2/19,1391.05
135,7/1/19,1390.1
136,6/28/19,1409
137,6/27/19,1402.5
138,6/26/19,1403.95
139,6/25/19,1431.4
140,6/24/19,1405.7
141,6/21/19,1397.15
142,6/20/19,1379.5
143,6/19/19,1344.05
144,6/18/19,1341.35
145,6/17/19,1341.3
146,6/14/19,1351.25
147,6/13/19,1335.9
148,6/12/19,1332.35
149,6/11/19,1324.3
150,6/10/19,1328.6
151,6/7/19,1340.65
152,6/6/19,1335.5
153,6/5/19,1335.05
154,6/4/19,1324.25
155,6/3/19,1317.1
156,5/31/19,1295.55
157,5/30/19,1280.95
158,5/29/19,1281.65
159,5/28/19,1278.3
160,5/24/19,1282.5
161,5/23/19,1283.65
162,5/22/19,1273.8
163,5/21/19,1271.15
164,5/20/19,1276.85
165,5/17/19,1280.8
166,5/16/19,1291.7
167,5/15/19,1299.1
168,5/14/19,1298.4
169,5/13/19,1295.6
170,5/10/19,1287.1
171,5/9/19,1286.1
172,5/8/19,1285.2
173,5/7/19,1281.2
174,5/3/19,1278.55
175,5/2/19,1270.95
176,5/1/19,1283.8
177,4/30/19,1282.3
178,4/29/19,1279.5
179,4/26/19,1284.2
180,4/25/19,1280.8
181,4/24/19,1271.65
182,4/23/19,1269.5
183,4/18/19,1275.7
184,4/17/19,1275.85
185,4/16/19,1276.35
186,4/15/19,1285.65
187,4/12/19,1294.3
188,4/11/19,1298.8
189,4/10/19,1305.45
190,4/9/19,1303
191,4/8/19,1300
192,4/5/19,1288.45
193,4/4/19,1283.15
194,4/3/19,1290.45
195,4/2/19,1290.3
196,4/1/19,1293.5
197,3/29/19,1295.4
198,3/28/19,1295.15
199,3/27/19,1309.7
200,3/26/19,1316.3
201,3/25/19,1319.55
202,3/22/19,1311.3
203,3/21/19,1309.6
204,3/20/19,1303.7
205,3/19/19,1307.7
206,3/18/19,1305.6
207,3/15/19,1303.5
208,3/14/19,1295.55
209,3/13/19,1306.95
210,3/12/19,1297.05
211,3/11/19,1292.75
212,3/8/19,1296.75
213,3/7/19,1285.3
214,3/6/19,1285.85
215,3/5/19,1283.8
216,3/4/19,1285.4
217,3/1/19,1311.95
218,2/28/19,1319.15
219,2/27/19,1322.85
220,2/26/19,1325.05
221,2/25/19,1331.05
222,2/22/19,1329.05
223,2/21/19,1331.25
224,2/20/19,1343.75
225,2/19/19,1334.15
226,2/18/19,1325.5
227,2/15/19,1316.55
228,2/14/19,1311.45
229,2/13/19,1312.8
230,2/12/19,1310
231,2/11/19,1306.4
232,2/8/19,1314.85
233,2/7/19,1310
234,2/6/19,1312.4
235,2/5/19,1314.2
236,2/4/19,1312.15
237,2/1/19,1318.7
238,1/31/19,1323.25
239,1/30/19,1310.7
240,1/29/19,1307.55
241,1/28/19,1302.15
242,1/25/19,1293.9
243,1/24/19,1283.7
244,1/23/19,1279.8
245,1/22/19,1282.1
246,1/21/19,1279.55
247,1/18/19,1284.2
248,1/17/19,1290.7
249,1/16/19,1292.3
250,1/15/19,1294.4
251,1/14/19,1292.75
252,1/11/19,1288.95
253,1/10/19,1291.9
254,1/9/19,1288.6
255,1/8/19,1286.45
256,1/7/19,1292.2
257,1/4/19,1279.9
258,1/3/19,1290.45
259,1/2/19,1282.9
260,12/31/18,
261,12/28/18,1279
262,12/27/18,1268
263,12/24/18,
264,12/21/18,1258.15
265,12/20/18,1259.75
266,12/19/18,1255
267,12/18/18,1246.3
268,12/17/18,1241.65
269,12/14/18,1235.35
270,12/13/18,1242.75
271,12/12/18,1245.75
272,12/11/18,1245.3
273,12/10/18,1245.35
274,12/7/18,1243.3
275,12/6/18,1242.55
276,12/5/18,1235.9
277,12/4/18,1240.3
278,12/3/18,1230.3
279,11/30/18,1217.55
280,11/29/18,1226.25
281,11/28/18,1213.25
282,11/27/18,1221.2
283,11/26/18,1223.4
284,11/23/18,1223.65
285,11/22/18,1227.05
286,11/21/18,1226.1
287,11/20/18,1223
288,11/19/18,1221.6
289,11/16/18,1222.4
290,11/15/18,1211.85
291,11/14/18,1203.25
292,11/13/18,1202.1
293,11/12/18,1205.55
294,11/9/18,1211.4
295,11/8/18,1224.15
296,11/7/18,1229.95
297,11/6/18,1231.6
298,11/5/18,1232.25
299,11/2/18,1232.1
300,11/1/18,1231.15
301,10/31/18,1214.95
302,10/30/18,1225.4
303,10/29/18,1230.8
304,10/26/18,1233.85
305,10/25/18,1230.8
306,10/24/18,1230.55
307,10/23/18,1235.95
308,10/22/18,1222.3
309,10/19/18,1227.85
310,10/18/18,1223
311,10/17/18,1229.05
312,10/16/18,1230.7
313,10/15/18,1229.95
314,10/12/18,1219.75
315,10/11/18,1205.55
316,10/10/18,1188.6
317,10/9/18,1185.55
318,10/8/18,1186.95
319,10/5/18,1203.8
320,10/4/18,1203.45
321,10/3/18,1201.2
322,10/2/18,1204.7
323,10/1/18,1189.35
324,9/28/18,1187.25
325,9/27/18,1185.4
326,9/26/18,1194.25
327,9/25/18,1201.9
328,9/24/18,1202.75
329,9/21/18,1198.7
330,9/20/18,1208.35
331,9/19/18,1203.3
332,9/18/18,1200.2
333,9/17/18,1201.9
334,9/14/18,1201.95
335,9/13/18,1209.8
336,9/12/18,1195.6
337,9/11/18,1189.85
338,9/10/18,1196.6
339,9/7/18,1198.9
340,9/6/18,1205.15
341,9/5/18,1196.7
342,9/4/18,1190.85
343,9/3/18,1200.05
344,8/31/18,1202.45
345,8/30/18,1197.3
346,8/29/18,1204.2
347,8/28/18,1212.25
348,8/24/18,1197.7
349,8/23/18,1192.35
350,8/22/18,1196.65
351,8/21/18,1190.95
352,8/20/18,1184.35
353,8/17/18,1178.4
354,8/16/18,1180.4
355,8/15/18,1182
356,8/14/18,1197
357,8/13/18,1200.35
358,8/10/18,1214.4
359,8/9/18,1214.35
360,8/8/18,1209.55
361,8/7/18,1212.35
362,8/6/18,1209.65
363,8/3/18,1216.3
364,8/2/18,1215.45
365,8/1/18,1219
366,7/31/18,1220.95
367,7/30/18,1223.8
368,7/27/18,1223.95
369,7/26/18,1228.25
370,7/25/18,1231.5
371,7/24/18,1228.35
372,7/23/18,1224.95
373,7/20/18,1228.75
374,7/19/18,1217.55
375,7/18/18,1224.5
376,7/17/18,1232.8
377,7/16/18,1241.1
378,7/13/18,1241.7
379,7/12/18,1245.9
380,7/11/18,1251.4
381,7/10/18,1254
382,7/9/18,1262.05
383,7/6/18,1255.35
384,7/5/18,1255.5
385,7/4/18,1255.65
386,7/3/18,1251.75
387,7/2/18,1247.8
388,6/29/18,1250.45
389,6/28/18,1251.55
390,6/27/18,1254.6
391,6/26/18,1260.3
392,6/25/18,1268.7
393,6/22/18,1269.15
394,6/21/18,1266.15
395,6/20/18,1274.2
396,6/19/18,1276.15
397,6/18/18,1281.55
398,6/15/18,1285.25
399,6/14/18,1302.75
400,6/13/18,1296.15
401,6/12/18,1298.65
402,6/11/18,1299.6
403,6/8/18,1298.25
404,6/7/18,1297.25
405,6/6/18,1300.1
406,6/5/18,1292.05
407,6/4/18,1295.45
408,6/1/18,1294.6
409,5/31/18,1305.35
410,5/30/18,1300.7
411,5/29/18,1295.5
412,5/25/18,1303.5
413,5/24/18,1304.85
414,5/23/18,1289
415,5/22/18,1293.05
416,5/21/18,1288.35
417,5/18/18,1288.3
418,5/17/18,1289.5
419,5/16/18,1291.25
420,5/15/18,1295
421,5/14/18,1319.85
422,5/11/18,1324.35
423,5/10/18,1318.8
424,5/9/18,1313.85
425,5/8/18,1306.6
426,5/4/18,1309.4
427,5/3/18,1315.05
428,5/2/18,1304.2
429,5/1/18,1307.1
430,4/30/18,1313.2
431,4/27/18,1321.5
432,4/26/18,1320.7
433,4/25/18,1321.65
434,4/24/18,1328.85
435,4/23/18,1324.3
436,4/20/18,1336.75
437,4/19/18,1348.6
438,4/18/18,1351.45
439,4/17/18,1342.1
440,4/16/18,1349.35
441,4/13/18,1343.7
442,4/12/18,1341.35
443,4/11/18,1350.75
444,4/10/18,1338.95
445,4/9/18,1331.95
446,4/6/18,1331.2
447,4/5/18,1327.7
448,4/4/18,1337.3
449,4/3/18,1333.45
450,3/29/18,1323.85
451,3/28/18,1332.45
452,3/27/18,1341.45
453,3/26/18,1352.4
454,3/23/18,1346.6
455,3/22/18,1329.15
456,3/21/18,1321.35
457,3/20/18,1311
458,3/19/18,1312.4
459,3/16/18,1310.1
460,3/15/18,1318.75
461,3/14/18,1323.55
462,3/13/18,1322.75
463,3/12/18,1319.15
464,3/9/18,1320.6
465,3/8/18,1321
466,3/7/18,1329.4
467,3/6/18,1331.4
468,3/5/18,1320.4
469,3/2/18,1322.3
470,3/1/18,1307.75
471,2/28/18,1317.85
472,2/27/18,1325.75
473,2/26/18,1333.5
474,2/23/18,1327.95
475,2/22/18,1328.35
476,2/21/18,1330.5
477,2/20/18,1339.85
478,2/19/18,1346.6
479,2/16/18,1352.1
480,2/15/18,1352.45
481,2/14/18,1336.25
482,2/13/18,1325.35
483,2/12/18,1322.3
484,2/9/18,1314.1
485,2/8/18,1315.45
486,2/7/18,1324.65
487,2/6/18,1331.4
488,2/5/18,1333.6
489,2/2/18,1331.15
490,2/1/18,1341.35
491,1/31/18,1345.05
492,1/30/18,1344.9
493,1/29/18,1343.85
494,1/26/18,1353.15
495,1/25/18,1354.95
496,1/24/18,1353.7
497,1/23/18,1333.4
498,1/22/18,1332.6
499,1/19/18,1334.95
500,1/18/18,1332.2
501,1/17/18,1335.65
502,1/16/18,1333.85
503,1/15/18,1339.25
504,1/12/18,1326.8
505,1/11/18,1323.05
506,1/10/18,1319.75
507,1/9/18,1311
508,1/8/18,1319.95
509,1/5/18,1317.15
510,1/4/18,1314.5
511,1/3/18,1314.9
512,1/2/18,1312.05
513,12/29/17,
514,12/28/17,1291
515,12/27/17,1279.4
516,12/22/17,
517,12/21/17,1264.55
518,12/20/17,1264.55
519,12/19/17,1260.35
520,12/18/17,1260.6
521,12/15/17,1254.6
522,12/14/17,1251
523,12/13/17,1242.65
524,12/12/17,1240.9
525,12/11/17,1247.15
526,12/8/17,1250.65
527,12/7/17,1255
528,12/6/17,1263.7
529,12/5/17,1266.3
530,12/4/17,1273.45
531,12/1/17,1275.5
532,11/30/17,1280.2
533,11/29/17,1283.85
534,11/28/17,1291.85
535,11/27/17,1294.9
536,11/24/17,1290.5
537,11/23/17,1290.35
538,11/22/17,1286.95
539,11/21/17,1283.3
540,11/20/17,1286.2
541,11/17/17,1284.35
542,11/16/17,1280
543,11/15/17,1282.2
544,11/14/17,1274.6
545,11/13/17,1277.95
546,11/10/17,1284.3
547,11/9/17,1284.8
548,11/8/17,1284
549,11/7/17,1275.6
550,11/6/17,1270.9
551,11/3/17,1267.2
552,11/2/17,1279.2
553,11/1/17,1277.05
554,10/31/17,1270.15
555,10/30/17,1272
556,10/27/17,1266.45
557,10/26/17,1273.75
558,10/25/17,1275
559,10/24/17,1276.45
560,10/23/17,1274.9
561,10/20/17,1281.2
562,10/19/17,1286.4
563,10/18/17,1280.2
564,10/17/17,1284.75
565,10/16/17,1303.3
566,10/13/17,1299.6
567,10/12/17,1290.25
568,10/11/17,1289.25
569,10/10/17,1291.4
570,10/9/17,1278.75
571,10/6/17,1261.8
572,10/5/17,1274.5
573,10/4/17,1274.25
574,10/3/17,1271.25
575,10/2/17,1273.7
576,9/29/17,1283.1
577,9/28/17,1283.35
578,9/27/17,1282.55
579,9/26/17,1300.05
580,9/25/17,1293.3
581,9/22/17,1294.8
582,9/21/17,1292.1
583,9/20/17,1311.3
584,9/19/17,1309.6
585,9/18/17,1312.1
586,9/15/17,1322.85
587,9/14/17,1324.55
588,9/13/17,1327.55
589,9/12/17,1326.5
590,9/11/17,1334.2
591,9/8/17,1346.25
592,9/7/17,1343.5
593,9/6/17,1337.85
594,9/5/17,1335.55
595,9/4/17,1333.1
596,9/1/17,1320.4
597,8/31/17,1311.75
598,8/30/17,1308.5
599,8/29/17,1318.65
600,8/25/17,1285.3
601,8/24/17,1289
602,8/23/17,1286.65
603,8/22/17,1284.2
604,8/21/17,1292.9
605,8/18/17,1295.8
606,8/17/17,1285.15
607,8/16/17,1272.75
608,8/15/17,1270.3
609,8/14/17,1282.3
610,8/11/17,1286.1
611,8/10/17,1284.4
612,8/9/17,1271.05
613,8/8/17,1261.8
614,8/7/17,1258
615,8/4/17,1257.7
616,8/3/17,1268.1
617,8/2/17,1269.6
618,8/1/17,1270.95
619,7/31/17,1267.55
620,7/28/17,1264.9
621,7/27/17,1261.1
622,7/26/17,1248.1
623,7/25/17,1254.4
624,7/24/17,1255.55
625,7/21/17,1248.55
626,7/20/17,1238.7
627,7/19/17,1242.15
628,7/18/17,1240.75
629,7/17/17,1234.1
630,7/14/17,1230.3
631,7/13/17,1218.9
632,7/12/17,1218.8
633,7/11/17,1211.05
634,7/10/17,1211.9
635,7/7/17,1215.65
636,7/6/17,1224.9
637,7/5/17,1220.3
638,7/4/17,1223.75
639,7/3/17,1229.25
640,6/30/17,1242.25
641,6/29/17,1243.5
642,6/28/17,1248
643,6/27/17,1249.55
644,6/26/17,1245.25
645,6/23/17,1255.7
646,6/22/17,1250.8
647,6/21/17,1242.5
648,6/20/17,1242.2
649,6/19/17,1248.15
650,6/16/17,1255.4
651,6/15/17,1254.55
652,6/14/17,1275.5
653,6/13/17,1262
654,6/12/17,1266.4
655,6/9/17,1266.55
656,6/8/17,1273.1
657,6/7/17,1291
658,6/6/17,1293.5
659,6/5/17,1279.95
660,6/2/17,1274.95
661,6/1/17,1264.85
662,5/31/17,1266.2
663,5/30/17,1262.7
664,5/26/17,1265.05
665,5/25/17,1256.95
666,5/24/17,1252.55
667,5/23/17,1260.2
668,5/22/17,1258.85
669,5/19/17,1252
670,5/18/17,1255.9
671,5/17/17,1257.4
672,5/16/17,1234.2
673,5/15/17,1233.3
674,5/12/17,1231.25
675,5/11/17,1223.15
676,5/10/17,1222.95
677,5/9/17,1220.4
678,5/8/17,1229.8
679,5/5/17,1228.05
680,5/4/17,1228.45
681,5/3/17,1250.3
682,5/2/17,1255.45
683,4/28/17,1266.45
684,4/27/17,1262.8
685,4/26/17,1261.85
686,4/25/17,1267.8
687,4/24/17,1269.4
688,4/21/17,1281.85
689,4/20/17,1282.1
690,4/19/17,1279.05
691,4/18/17,1278.95
692,4/13/17,1284.15
693,4/12/17,1274.3
694,4/11/17,1252.9
695,4/10/17,1250.05
696,4/7/17,1266.45
697,4/6/17,1252.5
698,4/5/17,1245.8
699,4/4/17,1257.65
700,4/3/17,1247.25
701,3/31/17,1244.85
702,3/30/17,1248.8
703,3/29/17,1251.1
704,3/28/17,1257.25
705,3/27/17,1257.55
706,3/24/17,1247.5
707,3/23/17,1247.5
708,3/22/17,1249.05
709,3/21/17,1241.6
710,3/20/17,1232.4
711,3/17/17,1229.6
712,3/16/17,1229.35
713,3/15/17,1198.8
714,3/14/17,1204.6
715,3/13/17,1204.2
716,3/10/17,1202.65
717,3/9/17,1206.55
718,3/8/17,1209.2
719,3/7/17,1216.65
720,3/6/17,1230.95
721,3/3/17,1226.5
722,3/2/17,1238.1
723,3/1/17,1240.4
724,2/28/17,1255.6
725,2/27/17,1257.2
726,2/24/17,1253.65
727,2/23/17,1247.9
728,2/22/17,1236.65
729,2/21/17,1233.2
730,2/20/17,1237.3
731,2/17/17,1241.95
732,2/16/17,1240.55
733,2/15/17,1224.4
734,2/14/17,1230.75
735,2/13/17,1222.25
736,2/10/17,1228.3
737,2/9/17,1236.8
738,2/8/17,1242.1
739,2/7/17,1231
740,2/6/17,1226.75
741,2/3/17,1215.2
742,2/2/17,1221.95
743,2/1/17,1203.65
744,1/31/17,1212.8
745,1/30/17,1192.8
746,1/27/17,1184.85
747,1/26/17,1189.7
748,1/25/17,1195
749,1/24/17,1216.8
750,1/23/17,1212.85
751,1/20/17,1200.55
752,1/19/17,1196.05
753,1/18/17,1214.75
754,1/17/17,1216.05
755,1/16/17,1203
756,1/13/17,1190.35
757,1/12/17,1205.05
758,1/11/17,1178.55
759,1/10/17,1189.5
760,1/9/17,1178.5
761,1/6/17,1175.85
762,1/5/17,1176.7
763,1/4/17,1164.25
764,1/3/17,1151
765,12/30/16,
766,12/29/16,1145.9
767,12/28/16,1134.6
768,12/23/16,
769,12/22/16,1131.35
770,12/21/16,1133.65
771,12/20/16,1125.7
772,12/19/16,1136.25
773,12/16/16,1131.6
774,12/15/16,1126.95
775,12/14/16,1162.25
776,12/13/16,1158.55
777,12/12/16,1156.1
778,12/9/16,1163.6
779,12/8/16,1171.05
780,12/7/16,1177.65
781,12/6/16,1172.5
782,12/5/16,1162.2
783,12/2/16,1173.5
784,12/1/16,1161.85
785,11/30/16,1178.1
786,11/29/16,1186.55
787,11/28/16,1187
788,11/25/16,1187.7
789,11/24/16,1186.1
790,11/23/16,1185.35
791,11/22/16,1212.25
792,11/21/16,1214.25
793,11/18/16,1211
794,11/17/16,1226.75
795,11/16/16,1229.2
796,11/15/16,1226.95
797,11/14/16,1213.6
798,11/11/16,1236.45
799,11/10/16,1267.5
800,11/9/16,1281.4
801,11/8/16,1282.35
802,11/7/16,1283.05
803,11/4/16,1302.8
804,11/3/16,1301
805,11/2/16,1303.75
806,11/1/16,1288.45
807,10/31/16,1272
808,10/28/16,1273
809,10/27/16,1266.25
810,10/26/16,1270.5
811,10/25/16,1269.4
812,10/24/16,1265.55
813,10/21/16,1266.05
814,10/20/16,1271.65
815,10/19/16,1269.05
816,10/18/16,1258.2
817,10/17/16,1254.8
818,10/14/16,1251.75
819,10/13/16,1261.05
820,10/12/16,1256.5
821,10/11/16,1253.45
822,10/10/16,1259.5
823,10/7/16,1258.75
824,10/6/16,1254.5
825,10/5/16,1269.4
826,10/4/16,1283.3
827,10/3/16,1313.3
828,9/30/16,1322.5
829,9/29/16,1318.1
830,9/28/16,1322.5
831,9/27/16,1327
832,9/26/16,1340.5
833,9/23/16,1338.65
834,9/22/16,1339.1
835,9/21/16,1326.1
836,9/20/16,1313.8
837,9/19/16,1314.85
838,9/16/16,1308.35
839,9/15/16,1310.8
840,9/14/16,1321.75
841,9/13/16,1323.65
842,9/12/16,1324.6
843,9/9/16,1330.85
844,9/8/16,1343.4
845,9/7/16,1348.35
846,9/6/16,1337.25
847,9/5/16,1326.35
848,9/2/16,1324.7
849,9/1/16,1309.5
850,8/31/16,1309.25
851,8/30/16,1318.15
852,8/26/16,1318.75
853,8/25/16,1321.3
854,8/24/16,1327.25
855,8/23/16,1342
856,8/22/16,1335.9
857,8/19/16,1346.4
858,8/18/16,1350.05
859,8/17/16,1343.35
860,8/16/16,1344
861,8/15/16,1339.4
862,8/12/16,1352.2
863,8/11/16,1355
864,8/10/16,1347.7
865,8/9/16,1341
866,8/8/16,1336.8
867,8/5/16,1340.4
868,8/4/16,1362.75
869,8/3/16,1358.9
870,8/2/16,1363.75
871,8/1/16,1349.65
872,7/29/16,1342
873,7/28/16,1341.75
874,7/27/16,1329
875,7/26/16,1323
876,7/25/16,1313.15
877,7/22/16,1320.75
878,7/21/16,1321.15
879,7/20/16,1315.9
880,7/19/16,1330.9
881,7/18/16,1334.7
882,7/15/16,1327
883,7/14/16,1323.6
884,7/13/16,1342.75
885,7/12/16,1342.4
886,7/11/16,1357.1
887,7/8/16,1354.25
888,7/7/16,1356.7
889,7/6/16,1366.25
890,7/5/16,1350.75
891,7/4/16,1350.75
892,7/1/16,1340
893,6/30/16,1320.75
894,6/29/16,1321.5
895,6/28/16,1309.7
896,6/27/16,1324.55
897,6/24/16,1315.5
898,6/23/16,1262.15
899,6/22/16,1264.85
900,6/21/16,1272.6
901,6/20/16,1281.8
902,6/17/16,1290.7
903,6/16/16,1310.75
904,6/15/16,1283.3
905,6/14/16,1287.15
906,6/13/16,1280.8
907,6/10/16,1275.5
908,6/9/16,1263.9
909,6/8/16,1263
910,6/7/16,1241
911,6/6/16,1244
912,6/3/16,1240.5
913,6/2/16,1212.4
914,6/1/16,1214.5
915,5/31/16,1212.1
916,5/27/16,1216.25
917,5/26/16,1223.85
918,5/25/16,1220.6
919,5/24/16,1236.85
920,5/23/16,1245.9
921,5/20/16,1254.2
922,5/19/16,1246.25
923,5/18/16,1272.9
924,5/17/16,1277
925,5/16/16,1285.75
926,5/13/16,1265.9
927,5/12/16,1279.25
928,5/11/16,1276.85
929,5/10/16,1262.8
930,5/9/16,1265.25
931,5/6/16,1289
932,5/5/16,1280.25
933,5/4/16,1283
934,5/3/16,1294
935,4/29/16,1285.65
936,4/28/16,1256
937,4/27/16,1247.4
938,4/26/16,1241.7
939,4/25/16,1238.9
940,4/22/16,1243.25
941,4/21/16,1249.25
942,4/20/16,1252
943,4/19/16,1255.4
944,4/18/16,1234.3
945,4/15/16,1227.1
946,4/14/16,1233.85
947,4/13/16,1245.75
948,4/12/16,1254.6
949,4/11/16,1254.75
950,4/8/16,1239.5
951,4/7/16,1242.1
952,4/6/16,1221.4
953,4/5/16,1231.25
954,4/4/16,1219.75
955,4/1/16,1213.6
956,3/31/16,1237
957,3/30/16,1236.25
958,3/29/16,1226
959,3/24/16,1221
960,3/23/16,1217.6
961,3/22/16,1252.5
962,3/21/16,1244.9
963,3/18/16,1252.1
964,3/17/16,1266.5
965,3/16/16,1228.5
966,3/15/16,1232
967,3/14/16,1242.75
968,3/11/16,1264.75
969,3/10/16,1266.5
970,3/9/16,1246.4
971,3/8/16,1267
972,3/7/16,1267.9
973,3/4/16,1277.5
974,3/3/16,1250.25
975,3/2/16,1239.2
976,3/1/16,1236.5
977,2/29/16,1234.9
978,2/26/16,1226.5
979,2/25/16,1236
980,2/24/16,1250.75
981,2/23/16,1221.35
982,2/22/16,1211
983,2/19/16,1231.15
984,2/18/16,1210.1
985,2/17/16,1210
986,2/16/16,1209.5
987,2/15/16,1208.2
988,2/12/16,1239.75
989,2/11/16,1241
990,2/10/16,1190
991,2/9/16,1191
992,2/8/16,1193.25
993,2/5/16,1150.35
994,2/4/16,1156.35
995,2/3/16,1132
996,2/2/16,1128.5
997,2/1/16,1126.5
998,1/29/16,1111.8
999,1/28/16,1114
1000,1/27/16,1116.25
1001,1/26/16,1113.6
1002,1/25/16,1106.6
1003,1/22/16,1096.25
1004,1/21/16,1096.5
1005,1/20/16,1101.75
1006,1/19/16,1086.25
1007,1/18/16,1089.2
1008,1/15/16,1093.75
1009,1/14/16,1088.4
1010,1/13/16,1088.15
1011,1/12/16,1085.4
1012,1/11/16,1100.75
1013,1/8/16,1101.85
1014,1/7/16,1106.35
1015,1/6/16,1091.4
1016,1/5/16,1077
1017,1/4/16,1082.25
1018,12/31/15,
1019,12/30/15,1060
1020,12/29/15,1070.1
1021,12/24/15,
1022,12/23/15,1068.25
1023,12/22/15,1074.9
1024,12/21/15,1078.75
1025,12/18/15,1062.5
1026,12/17/15,1049.4
1027,12/16/15,1075.25
1028,12/15/15,1061.5
1029,12/14/15,1068.25
1030,12/11/15,1072.5
1031,12/10/15,1071
1032,12/9/15,1081
1033,12/8/15,1072.1
1034,12/7/15,1075.8
1035,12/4/15,1079.25
1036,12/3/15,1055.45
1037,12/2/15,1055.4
1038,12/1/15,1065.4
1039,11/30/15,1061.9
1040,11/27/15,1057.4
1041,11/26/15,1071
1042,11/25/15,1068
1043,11/24/15,1076.4
1044,11/23/15,1070.5
1045,11/20/15,1081.75
1046,11/19/15,1082.6
1047,11/18/15,1067.75
1048,11/17/15,1079.2
1049,11/16/15,1084.75
1050,11/13/15,1081.5
1051,11/12/15,1087.4
1052,11/11/15,1085.9
1053,11/10/15,1087.1
1054,11/9/15,1089.6
1055,11/6/15,1088.9
1056,11/5/15,1106.3
1057,11/4/15,1114.7
1058,11/3/15,1123.1
1059,11/2/15,1134
1060,10/30/15,1142.35
1061,10/29/15,1148.6
1062,10/28/15,1179.6
1063,10/27/15,1165.7
1064,10/26/15,1166.4
1065,10/23/15,1161.25
1066,10/22/15,1167
1067,10/21/15,1167.1
1068,10/20/15,1177.75
1069,10/19/15,1175.4
1070,10/16/15,1180.85
1071,10/15/15,1184.25
1072,10/14/15,1173.9
1073,10/13/15,1165.2
1074,10/12/15,1164.9
1075,10/9/15,1151.55
1076,10/8/15,1140
1077,10/7/15,1144.6
1078,10/6/15,1147.5
1079,10/5/15,1139.75
1080,10/2/15,1140.75
1081,10/1/15,1119
1082,9/30/15,1114
1083,9/29/15,1132.1
1084,9/28/15,1131.05
1085,9/25/15,1146.65
1086,9/24/15,1154.5
1087,9/23/15,1131.35
1088,9/22/15,1122.9
1089,9/21/15,1133.25
1090,9/18/15,1141.5
1091,9/17/15,1117.5
1092,9/16/15,1117.6
1093,9/15/15,1105.95
1094,9/14/15,1104.8
1095,9/11/15,1100.25
1096,9/10/15,1109.5
1097,9/9/15,1109.85
1098,9/8/15,1121.15
1099,9/7/15,1119.5
1100,9/4/15,1118.25
1101,9/3/15,1128
1102,9/2/15,1137.75
1103,9/1/15,1142.3
1104,8/28/15,1135
1105,8/27/15,1119
1106,8/26/15,1120.75
1107,8/25/15,1137.5
1108,8/24/15,1166.5
1109,8/21/15,1156.5
1110,8/20/15,1147.7
1111,8/19/15,1126.15
1112,8/18/15,1111.45
1113,8/17/15,1118.8
1114,8/14/15,1118.25
1115,8/13/15,1116.75
1116,8/12/15,1119
1117,8/11/15,1108.25
1118,8/10/15,1097
1119,8/7/15,1093.5
1120,8/6/15,1089.75
1121,8/5/15,1085.1
1122,8/4/15,1090.65
1123,8/3/15,1091.9
1124,7/31/15,1098.4
1125,7/30/15,1087.5
1126,7/29/15,1090.25
1127,7/28/15,1096.2
1128,7/27/15,1100
1129,7/24/15,1080.8
1130,7/23/15,1097.4
1131,7/22/15,1088.6
1132,7/21/15,1105.6
1133,7/20/15,1104.6
1134,7/17/15,1132.8
1135,7/16/15,1144.4
1136,7/15/15,1147.4
1137,7/14/15,1157.4
1138,7/13/15,1154
1139,7/10/15,1159.3
1140,7/9/15,1164.25
1141,7/8/15,1158.5
1142,7/7/15,1156.25
1143,7/6/15,1166
1144,7/3/15,1167.95
1145,7/2/15,1165.25
1146,7/1/15,1168
1147,6/30/15,1171
1148,6/29/15,1176
1149,6/26/15,1170.5
1150,6/25/15,1172.65
1151,6/24/15,1173.75
1152,6/23/15,1178
1153,6/22/15,1185.5
1154,6/19/15,1203.4
1155,6/18/15,1201.85
1156,6/17/15,1178
1157,6/16/15,1177.75
1158,6/15/15,1181.4
1159,6/12/15,1182.8
1160,6/11/15,1178.5
1161,6/10/15,1188.5
1162,6/9/15,1177.4
1163,6/8/15,1172.8
1164,6/5/15,1164.6
1165,6/4/15,1176
1166,6/3/15,1190
1167,6/2/15,1192.8
1168,6/1/15,1199.9
1169,5/29/15,1191.4
1170,5/28/15,1185
1171,5/27/15,1185.85
1172,5/26/15,1185.4
1173,5/22/15,1204.1
1174,5/21/15,1205
1175,5/20/15,1210.5
1176,5/19/15,1214.3
1177,5/18/15,1223.5
1178,5/15/15,1220.5
1179,5/14/15,1225
1180,5/13/15,1210.5
1181,5/12/15,1191.5
1182,5/11/15,1189.25
1183,5/8/15,1186
1184,5/7/15,1187
1185,5/6/15,1194.25
1186,5/5/15,1197
1187,5/1/15,1175.95
1188,4/30/15,1180.25
1189,4/29/15,1209
1190,4/28/15,1209
1191,4/27/15,1200
1192,4/24/15,1183
1193,4/23/15,1185.75
1194,4/22/15,1189.25
1195,4/21/15,1195.3
1196,4/20/15,1196.5
1197,4/17/15,1203.35
1198,4/16/15,1204.35
1199,4/15/15,1192.9
1200,4/14/15,1194.75
1201,4/13/15,1198.9
1202,4/10/15,1207.35
1203,4/9/15,1194.8
1204,4/8/15,1207.25
1205,4/7/15,1211
1206,4/2/15,1198.5
1207,4/1/15,1197
1208,3/31/15,1187
1209,3/30/15,1185.5
1210,3/27/15,1195.75
1211,3/26/15,1203.15
1212,3/25/15,1195.6
1213,3/24/15,1191.5
1214,3/23/15,1186.25
1215,3/20/15,1183.1
1216,3/19/15,1166
1217,3/18/15,1147.25
1218,3/17/15,1150.75
1219,3/16/15,1150.75
1220,3/13/15,1152
1221,3/12/15,1152.25
1222,3/11/15,1150
1223,3/10/15,1162
1224,3/9/15,1168.5
1225,3/6/15,1175.75
1226,3/5/15,1202
1227,3/4/15,1199.5
1228,3/3/15,1212.75
1229,3/2/15,1212.5
1230,2/27/15,1214
1231,2/26/15,1208.25
1232,2/25/15,1204.75
1233,2/24/15,1192.5
1234,2/23/15,1204.5
1235,2/20/15,1208.25
1236,2/19/15,1209.5
1237,2/18/15,1206
1238,2/17/15,1209.5
1239,2/16/15,1229.25
1240,2/13/15,1232.5
1241,2/12/15,1222.5
1242,2/11/15,1223.75
1243,2/10/15,1234.5
1244,2/9/15,1238.5
1245,2/6/15,1241
1246,2/5/15,1259.25
1247,2/4/15,1268.5
1248,2/3/15,1264.25
1249,2/2/15,1272.5
1250,1/30/15,1260.25
1251,1/29/15,1268.75
1252,1/28/15,1288
1253,1/27/15,1288.5
1254,1/26/15,1281.25
1255,1/23/15,1294.75
1256,1/22/15,1295.75
1257,1/21/15,1293.5
1258,1/20/15,1288.75
1259,1/19/15,1273.75
1260,1/16/15,1277.5
1261,1/15/15,1259
1262,1/14/15,1235
1263,1/13/15,1231.5
1264,1/12/15,1226.5
1265,1/9/15,1217.75
1266,1/8/15,1215.5
1267,1/7/15,1210.5
1268,1/6/15,1210.25
1269,1/5/15,1200
1270,1/2/15,1172